--
-- PostgreSQL database dump
--

-- Dumped from database version 13.5 (Ubuntu 13.5-0ubuntu0.21.04.1)
-- Dumped by pg_dump version 14.5 (Ubuntu 14.5-0ubuntu0.22.04.1)

SET statement_timeout = 0;
SET lock_timeout = 0;
SET idle_in_transaction_session_timeout = 0;
SET client_encoding = 'UTF8';
SET standard_conforming_strings = on;
SELECT pg_catalog.set_config('search_path', '', false);
SET check_function_bodies = false;
SET xmloption = content;
SET client_min_messages = warning;
SET row_security = off;

--
-- Name: postgis; Type: EXTENSION; Schema: -; Owner: -
--

CREATE EXTENSION IF NOT EXISTS postgis WITH SCHEMA public;


--
-- Name: EXTENSION postgis; Type: COMMENT; Schema: -; Owner: 
--

COMMENT ON EXTENSION postgis IS 'PostGIS geometry and geography spatial types and functions';


SET default_tablespace = '';

SET default_table_access_method = heap;

--
-- Name: auth_group; Type: TABLE; Schema: public; Owner: postgres
--

CREATE TABLE public.auth_group (
    id integer NOT NULL,
    name character varying(150) NOT NULL
);


ALTER TABLE public.auth_group OWNER TO postgres;

--
-- Name: auth_group_id_seq; Type: SEQUENCE; Schema: public; Owner: postgres
--

ALTER TABLE public.auth_group ALTER COLUMN id ADD GENERATED BY DEFAULT AS IDENTITY (
    SEQUENCE NAME public.auth_group_id_seq
    START WITH 1
    INCREMENT BY 1
    NO MINVALUE
    NO MAXVALUE
    CACHE 1
);


--
-- Name: auth_group_permissions; Type: TABLE; Schema: public; Owner: postgres
--

CREATE TABLE public.auth_group_permissions (
    id bigint NOT NULL,
    group_id integer NOT NULL,
    permission_id integer NOT NULL
);


ALTER TABLE public.auth_group_permissions OWNER TO postgres;

--
-- Name: auth_group_permissions_id_seq; Type: SEQUENCE; Schema: public; Owner: postgres
--

ALTER TABLE public.auth_group_permissions ALTER COLUMN id ADD GENERATED BY DEFAULT AS IDENTITY (
    SEQUENCE NAME public.auth_group_permissions_id_seq
    START WITH 1
    INCREMENT BY 1
    NO MINVALUE
    NO MAXVALUE
    CACHE 1
);


--
-- Name: auth_permission; Type: TABLE; Schema: public; Owner: postgres
--

CREATE TABLE public.auth_permission (
    id integer NOT NULL,
    name character varying(255) NOT NULL,
    content_type_id integer NOT NULL,
    codename character varying(100) NOT NULL
);


ALTER TABLE public.auth_permission OWNER TO postgres;

--
-- Name: auth_permission_id_seq; Type: SEQUENCE; Schema: public; Owner: postgres
--

ALTER TABLE public.auth_permission ALTER COLUMN id ADD GENERATED BY DEFAULT AS IDENTITY (
    SEQUENCE NAME public.auth_permission_id_seq
    START WITH 1
    INCREMENT BY 1
    NO MINVALUE
    NO MAXVALUE
    CACHE 1
);


--
-- Name: auth_user; Type: TABLE; Schema: public; Owner: postgres
--

CREATE TABLE public.auth_user (
    id integer NOT NULL,
    password character varying(128) NOT NULL,
    last_login timestamp with time zone,
    is_superuser boolean NOT NULL,
    username character varying(150) NOT NULL,
    first_name character varying(150) NOT NULL,
    last_name character varying(150) NOT NULL,
    email character varying(254) NOT NULL,
    is_staff boolean NOT NULL,
    is_active boolean NOT NULL,
    date_joined timestamp with time zone NOT NULL
);


ALTER TABLE public.auth_user OWNER TO postgres;

--
-- Name: auth_user_groups; Type: TABLE; Schema: public; Owner: postgres
--

CREATE TABLE public.auth_user_groups (
    id bigint NOT NULL,
    user_id integer NOT NULL,
    group_id integer NOT NULL
);


ALTER TABLE public.auth_user_groups OWNER TO postgres;

--
-- Name: auth_user_groups_id_seq; Type: SEQUENCE; Schema: public; Owner: postgres
--

ALTER TABLE public.auth_user_groups ALTER COLUMN id ADD GENERATED BY DEFAULT AS IDENTITY (
    SEQUENCE NAME public.auth_user_groups_id_seq
    START WITH 1
    INCREMENT BY 1
    NO MINVALUE
    NO MAXVALUE
    CACHE 1
);


--
-- Name: auth_user_id_seq; Type: SEQUENCE; Schema: public; Owner: postgres
--

ALTER TABLE public.auth_user ALTER COLUMN id ADD GENERATED BY DEFAULT AS IDENTITY (
    SEQUENCE NAME public.auth_user_id_seq
    START WITH 1
    INCREMENT BY 1
    NO MINVALUE
    NO MAXVALUE
    CACHE 1
);


--
-- Name: auth_user_user_permissions; Type: TABLE; Schema: public; Owner: postgres
--

CREATE TABLE public.auth_user_user_permissions (
    id bigint NOT NULL,
    user_id integer NOT NULL,
    permission_id integer NOT NULL
);


ALTER TABLE public.auth_user_user_permissions OWNER TO postgres;

--
-- Name: auth_user_user_permissions_id_seq; Type: SEQUENCE; Schema: public; Owner: postgres
--

ALTER TABLE public.auth_user_user_permissions ALTER COLUMN id ADD GENERATED BY DEFAULT AS IDENTITY (
    SEQUENCE NAME public.auth_user_user_permissions_id_seq
    START WITH 1
    INCREMENT BY 1
    NO MINVALUE
    NO MAXVALUE
    CACHE 1
);


--
-- Name: django_admin_log; Type: TABLE; Schema: public; Owner: postgres
--

CREATE TABLE public.django_admin_log (
    id integer NOT NULL,
    action_time timestamp with time zone NOT NULL,
    object_id text,
    object_repr character varying(200) NOT NULL,
    action_flag smallint NOT NULL,
    change_message text NOT NULL,
    content_type_id integer,
    user_id integer NOT NULL,
    CONSTRAINT django_admin_log_action_flag_check CHECK ((action_flag >= 0))
);


ALTER TABLE public.django_admin_log OWNER TO postgres;

--
-- Name: django_admin_log_id_seq; Type: SEQUENCE; Schema: public; Owner: postgres
--

ALTER TABLE public.django_admin_log ALTER COLUMN id ADD GENERATED BY DEFAULT AS IDENTITY (
    SEQUENCE NAME public.django_admin_log_id_seq
    START WITH 1
    INCREMENT BY 1
    NO MINVALUE
    NO MAXVALUE
    CACHE 1
);


--
-- Name: django_content_type; Type: TABLE; Schema: public; Owner: postgres
--

CREATE TABLE public.django_content_type (
    id integer NOT NULL,
    app_label character varying(100) NOT NULL,
    model character varying(100) NOT NULL
);


ALTER TABLE public.django_content_type OWNER TO postgres;

--
-- Name: django_content_type_id_seq; Type: SEQUENCE; Schema: public; Owner: postgres
--

ALTER TABLE public.django_content_type ALTER COLUMN id ADD GENERATED BY DEFAULT AS IDENTITY (
    SEQUENCE NAME public.django_content_type_id_seq
    START WITH 1
    INCREMENT BY 1
    NO MINVALUE
    NO MAXVALUE
    CACHE 1
);


--
-- Name: django_migrations; Type: TABLE; Schema: public; Owner: postgres
--

CREATE TABLE public.django_migrations (
    id bigint NOT NULL,
    app character varying(255) NOT NULL,
    name character varying(255) NOT NULL,
    applied timestamp with time zone NOT NULL
);


ALTER TABLE public.django_migrations OWNER TO postgres;

--
-- Name: django_migrations_id_seq; Type: SEQUENCE; Schema: public; Owner: postgres
--

ALTER TABLE public.django_migrations ALTER COLUMN id ADD GENERATED BY DEFAULT AS IDENTITY (
    SEQUENCE NAME public.django_migrations_id_seq
    START WITH 1
    INCREMENT BY 1
    NO MINVALUE
    NO MAXVALUE
    CACHE 1
);


--
-- Name: django_session; Type: TABLE; Schema: public; Owner: postgres
--

CREATE TABLE public.django_session (
    session_key character varying(40) NOT NULL,
    session_data text NOT NULL,
    expire_date timestamp with time zone NOT NULL
);


ALTER TABLE public.django_session OWNER TO postgres;

--
-- Name: web_activatetoken; Type: TABLE; Schema: public; Owner: postgres
--

CREATE TABLE public.web_activatetoken (
    id integer NOT NULL,
    created_time timestamp with time zone NOT NULL,
    activation_token character varying(64) NOT NULL,
    user_id integer NOT NULL
);


ALTER TABLE public.web_activatetoken OWNER TO postgres;

--
-- Name: web_activatetoken_id_seq; Type: SEQUENCE; Schema: public; Owner: postgres
--

ALTER TABLE public.web_activatetoken ALTER COLUMN id ADD GENERATED BY DEFAULT AS IDENTITY (
    SEQUENCE NAME public.web_activatetoken_id_seq
    START WITH 1
    INCREMENT BY 1
    NO MINVALUE
    NO MAXVALUE
    CACHE 1
);


--
-- Name: web_advantage; Type: TABLE; Schema: public; Owner: postgres
--

CREATE TABLE public.web_advantage (
    id bigint NOT NULL,
    name character varying(100) NOT NULL,
    image character varying(100),
    description character varying(100),
    "order" integer NOT NULL,
    restaurant_id bigint
);


ALTER TABLE public.web_advantage OWNER TO postgres;

--
-- Name: web_advantage_id_seq; Type: SEQUENCE; Schema: public; Owner: postgres
--

ALTER TABLE public.web_advantage ALTER COLUMN id ADD GENERATED BY DEFAULT AS IDENTITY (
    SEQUENCE NAME public.web_advantage_id_seq
    START WITH 1
    INCREMENT BY 1
    NO MINVALUE
    NO MAXVALUE
    CACHE 1
);


--
-- Name: web_category; Type: TABLE; Schema: public; Owner: postgres
--

CREATE TABLE public.web_category (
    id integer NOT NULL,
    number integer,
    name character varying(128) NOT NULL,
    slug character varying(128),
    is_active boolean NOT NULL,
    restaurant_id bigint NOT NULL
);


ALTER TABLE public.web_category OWNER TO postgres;

--
-- Name: web_category_id_seq; Type: SEQUENCE; Schema: public; Owner: postgres
--

ALTER TABLE public.web_category ALTER COLUMN id ADD GENERATED BY DEFAULT AS IDENTITY (
    SEQUENCE NAME public.web_category_id_seq
    START WITH 1
    INCREMENT BY 1
    NO MINVALUE
    NO MAXVALUE
    CACHE 1
);


--
-- Name: web_city; Type: TABLE; Schema: public; Owner: postgres
--

CREATE TABLE public.web_city (
    id integer NOT NULL,
    name character varying(128) NOT NULL
);


ALTER TABLE public.web_city OWNER TO postgres;

--
-- Name: web_city_id_seq; Type: SEQUENCE; Schema: public; Owner: postgres
--

ALTER TABLE public.web_city ALTER COLUMN id ADD GENERATED BY DEFAULT AS IDENTITY (
    SEQUENCE NAME public.web_city_id_seq
    START WITH 1
    INCREMENT BY 1
    NO MINVALUE
    NO MAXVALUE
    CACHE 1
);


--
-- Name: web_companydata; Type: TABLE; Schema: public; Owner: postgres
--

CREATE TABLE public.web_companydata (
    id integer NOT NULL,
    company_name character varying(128) NOT NULL,
    company_name_l character varying(128),
    street character varying(128) NOT NULL,
    house character varying(8) NOT NULL,
    door character varying(8) NOT NULL,
    city character varying(64) NOT NULL,
    post_code character varying(6),
    nip character varying(13) NOT NULL,
    main boolean NOT NULL,
    user_id integer NOT NULL
);


ALTER TABLE public.web_companydata OWNER TO postgres;

--
-- Name: web_companydata_id_seq; Type: SEQUENCE; Schema: public; Owner: postgres
--

ALTER TABLE public.web_companydata ALTER COLUMN id ADD GENERATED BY DEFAULT AS IDENTITY (
    SEQUENCE NAME public.web_companydata_id_seq
    START WITH 1
    INCREMENT BY 1
    NO MINVALUE
    NO MAXVALUE
    CACHE 1
);


--
-- Name: web_districtwarsaw; Type: TABLE; Schema: public; Owner: postgres
--

CREATE TABLE public.web_districtwarsaw (
    id integer NOT NULL,
    name character varying(128) NOT NULL,
    city_id integer NOT NULL
);


ALTER TABLE public.web_districtwarsaw OWNER TO postgres;

--
-- Name: web_districtwarsaw_id_seq; Type: SEQUENCE; Schema: public; Owner: postgres
--

ALTER TABLE public.web_districtwarsaw ALTER COLUMN id ADD GENERATED BY DEFAULT AS IDENTITY (
    SEQUENCE NAME public.web_districtwarsaw_id_seq
    START WITH 1
    INCREMENT BY 1
    NO MINVALUE
    NO MAXVALUE
    CACHE 1
);


--
-- Name: web_foodsupplier; Type: TABLE; Schema: public; Owner: postgres
--

CREATE TABLE public.web_foodsupplier (
    id bigint NOT NULL,
    name character varying(100) NOT NULL,
    image character varying(100),
    "order" integer NOT NULL
);


ALTER TABLE public.web_foodsupplier OWNER TO postgres;

--
-- Name: web_foodsupplier_id_seq; Type: SEQUENCE; Schema: public; Owner: postgres
--

ALTER TABLE public.web_foodsupplier ALTER COLUMN id ADD GENERATED BY DEFAULT AS IDENTITY (
    SEQUENCE NAME public.web_foodsupplier_id_seq
    START WITH 1
    INCREMENT BY 1
    NO MINVALUE
    NO MAXVALUE
    CACHE 1
);


--
-- Name: web_openinghours; Type: TABLE; Schema: public; Owner: postgres
--

CREATE TABLE public.web_openinghours (
    id bigint NOT NULL,
    weekday integer NOT NULL,
    from_hour time without time zone NOT NULL,
    to_hour time without time zone NOT NULL,
    default_hours boolean NOT NULL,
    restaurant_id bigint
);


ALTER TABLE public.web_openinghours OWNER TO postgres;

--
-- Name: web_openinghours_id_seq; Type: SEQUENCE; Schema: public; Owner: postgres
--

ALTER TABLE public.web_openinghours ALTER COLUMN id ADD GENERATED BY DEFAULT AS IDENTITY (
    SEQUENCE NAME public.web_openinghours_id_seq
    START WITH 1
    INCREMENT BY 1
    NO MINVALUE
    NO MAXVALUE
    CACHE 1
);


--
-- Name: web_photo; Type: TABLE; Schema: public; Owner: postgres
--

CREATE TABLE public.web_photo (
    id integer NOT NULL,
    image character varying(100) NOT NULL,
    image_type integer NOT NULL,
    thumbnails_cache jsonb,
    product_id_id integer,
    restaurant_id_id bigint
);


ALTER TABLE public.web_photo OWNER TO postgres;

--
-- Name: web_photo_id_seq; Type: SEQUENCE; Schema: public; Owner: postgres
--

ALTER TABLE public.web_photo ALTER COLUMN id ADD GENERATED BY DEFAULT AS IDENTITY (
    SEQUENCE NAME public.web_photo_id_seq
    START WITH 1
    INCREMENT BY 1
    NO MINVALUE
    NO MAXVALUE
    CACHE 1
);


--
-- Name: web_postcodewarsaw; Type: TABLE; Schema: public; Owner: postgres
--

CREATE TABLE public.web_postcodewarsaw (
    id integer NOT NULL,
    name character varying(6) NOT NULL,
    location public.geometry(Point,4326) NOT NULL,
    "precision" character varying(64) NOT NULL,
    is_located boolean NOT NULL,
    geo_data jsonb NOT NULL,
    sub_district_id integer
);


ALTER TABLE public.web_postcodewarsaw OWNER TO postgres;

--
-- Name: web_postcodewarsaw_id_seq; Type: SEQUENCE; Schema: public; Owner: postgres
--

ALTER TABLE public.web_postcodewarsaw ALTER COLUMN id ADD GENERATED BY DEFAULT AS IDENTITY (
    SEQUENCE NAME public.web_postcodewarsaw_id_seq
    START WITH 1
    INCREMENT BY 1
    NO MINVALUE
    NO MAXVALUE
    CACHE 1
);


--
-- Name: web_product; Type: TABLE; Schema: public; Owner: postgres
--

CREATE TABLE public.web_product (
    id integer NOT NULL,
    name character varying(128) NOT NULL,
    slug character varying(128),
    price numeric(7,2) NOT NULL,
    tax integer NOT NULL,
    description text,
    image_listing_jpg character varying(100),
    image_basket_jpg character varying(100),
    thumbnails_cache jsonb,
    is_active boolean NOT NULL,
    category_id integer NOT NULL
);


ALTER TABLE public.web_product OWNER TO postgres;

--
-- Name: web_product_id_seq; Type: SEQUENCE; Schema: public; Owner: postgres
--

ALTER TABLE public.web_product ALTER COLUMN id ADD GENERATED BY DEFAULT AS IDENTITY (
    SEQUENCE NAME public.web_product_id_seq
    START WITH 1
    INCREMENT BY 1
    NO MINVALUE
    NO MAXVALUE
    CACHE 1
);


--
-- Name: web_profile; Type: TABLE; Schema: public; Owner: postgres
--

CREATE TABLE public.web_profile (
    id integer NOT NULL,
    restaurant_name character varying(128),
    slug character varying(128),
    status integer NOT NULL,
    user_id integer NOT NULL
);


ALTER TABLE public.web_profile OWNER TO postgres;

--
-- Name: web_profile_id_seq; Type: SEQUENCE; Schema: public; Owner: postgres
--

ALTER TABLE public.web_profile ALTER COLUMN id ADD GENERATED BY DEFAULT AS IDENTITY (
    SEQUENCE NAME public.web_profile_id_seq
    START WITH 1
    INCREMENT BY 1
    NO MINVALUE
    NO MAXVALUE
    CACHE 1
);


--
-- Name: web_restaurant; Type: TABLE; Schema: public; Owner: postgres
--

CREATE TABLE public.web_restaurant (
    id bigint NOT NULL,
    created_time timestamp with time zone NOT NULL,
    modified_time timestamp with time zone NOT NULL,
    name character varying(100) NOT NULL,
    slug character varying(128),
    location public.geometry(Point,4326) NOT NULL,
    street character varying(128) NOT NULL,
    house character varying(8) NOT NULL,
    door character varying(8),
    city character varying(64) NOT NULL,
    post_code character varying(6),
    is_located boolean NOT NULL,
    is_active boolean NOT NULL,
    geo_data text,
    home_page character varying(200) NOT NULL,
    description text,
    likes_counter integer NOT NULL,
    image_listing_photo character varying(100),
    image_logo_photo character varying(100),
    image_main_photo_desktop character varying(100),
    image_main_photo_mobile character varying(100),
    thumbnails_cache jsonb,
    user_id integer,
    motto character varying(100) NOT NULL,
    link_facebook character varying(256),
    link_instagram character varying(256),
    link_tiktok character varying(256),
    link_youtube character varying(256),
    phone_number character varying(12) NOT NULL
);


ALTER TABLE public.web_restaurant OWNER TO postgres;

--
-- Name: web_restaurant_advantages; Type: TABLE; Schema: public; Owner: postgres
--

CREATE TABLE public.web_restaurant_advantages (
    id bigint NOT NULL,
    restaurant_id bigint NOT NULL,
    advantage_id bigint NOT NULL
);


ALTER TABLE public.web_restaurant_advantages OWNER TO postgres;

--
-- Name: web_restaurant_advantages_id_seq; Type: SEQUENCE; Schema: public; Owner: postgres
--

ALTER TABLE public.web_restaurant_advantages ALTER COLUMN id ADD GENERATED BY DEFAULT AS IDENTITY (
    SEQUENCE NAME public.web_restaurant_advantages_id_seq
    START WITH 1
    INCREMENT BY 1
    NO MINVALUE
    NO MAXVALUE
    CACHE 1
);


--
-- Name: web_restaurant_food_suppliers; Type: TABLE; Schema: public; Owner: postgres
--

CREATE TABLE public.web_restaurant_food_suppliers (
    id bigint NOT NULL,
    restaurant_id bigint NOT NULL,
    foodsupplier_id bigint NOT NULL
);


ALTER TABLE public.web_restaurant_food_suppliers OWNER TO postgres;

--
-- Name: web_restaurant_food_supplier_id_seq; Type: SEQUENCE; Schema: public; Owner: postgres
--

ALTER TABLE public.web_restaurant_food_suppliers ALTER COLUMN id ADD GENERATED BY DEFAULT AS IDENTITY (
    SEQUENCE NAME public.web_restaurant_food_supplier_id_seq
    START WITH 1
    INCREMENT BY 1
    NO MINVALUE
    NO MAXVALUE
    CACHE 1
);


--
-- Name: web_restaurant_id_seq; Type: SEQUENCE; Schema: public; Owner: postgres
--

ALTER TABLE public.web_restaurant ALTER COLUMN id ADD GENERATED BY DEFAULT AS IDENTITY (
    SEQUENCE NAME public.web_restaurant_id_seq
    START WITH 1
    INCREMENT BY 1
    NO MINVALUE
    NO MAXVALUE
    CACHE 1
);


--
-- Name: web_restaurant_rooms; Type: TABLE; Schema: public; Owner: postgres
--

CREATE TABLE public.web_restaurant_rooms (
    id bigint NOT NULL,
    restaurant_id bigint NOT NULL,
    room_id bigint NOT NULL
);


ALTER TABLE public.web_restaurant_rooms OWNER TO postgres;

--
-- Name: web_restaurant_rooms_id_seq; Type: SEQUENCE; Schema: public; Owner: postgres
--

ALTER TABLE public.web_restaurant_rooms ALTER COLUMN id ADD GENERATED BY DEFAULT AS IDENTITY (
    SEQUENCE NAME public.web_restaurant_rooms_id_seq
    START WITH 1
    INCREMENT BY 1
    NO MINVALUE
    NO MAXVALUE
    CACHE 1
);


--
-- Name: web_restaurant_tags; Type: TABLE; Schema: public; Owner: postgres
--

CREATE TABLE public.web_restaurant_tags (
    id bigint NOT NULL,
    restaurant_id bigint NOT NULL,
    tag_id bigint NOT NULL
);


ALTER TABLE public.web_restaurant_tags OWNER TO postgres;

--
-- Name: web_restaurant_tags_id_seq; Type: SEQUENCE; Schema: public; Owner: postgres
--

ALTER TABLE public.web_restaurant_tags ALTER COLUMN id ADD GENERATED BY DEFAULT AS IDENTITY (
    SEQUENCE NAME public.web_restaurant_tags_id_seq
    START WITH 1
    INCREMENT BY 1
    NO MINVALUE
    NO MAXVALUE
    CACHE 1
);


--
-- Name: web_restaurantmenu; Type: TABLE; Schema: public; Owner: postgres
--

CREATE TABLE public.web_restaurantmenu (
    id integer NOT NULL,
    product_id integer NOT NULL,
    restaurant_id bigint NOT NULL
);


ALTER TABLE public.web_restaurantmenu OWNER TO postgres;

--
-- Name: web_restaurantmenu_id_seq; Type: SEQUENCE; Schema: public; Owner: postgres
--

ALTER TABLE public.web_restaurantmenu ALTER COLUMN id ADD GENERATED BY DEFAULT AS IDENTITY (
    SEQUENCE NAME public.web_restaurantmenu_id_seq
    START WITH 1
    INCREMENT BY 1
    NO MINVALUE
    NO MAXVALUE
    CACHE 1
);


--
-- Name: web_room; Type: TABLE; Schema: public; Owner: postgres
--

CREATE TABLE public.web_room (
    id bigint NOT NULL,
    name character varying(64) NOT NULL,
    qty integer NOT NULL,
    "order" integer NOT NULL,
    restaurant_id bigint
);


ALTER TABLE public.web_room OWNER TO postgres;

--
-- Name: web_room_id_seq; Type: SEQUENCE; Schema: public; Owner: postgres
--

ALTER TABLE public.web_room ALTER COLUMN id ADD GENERATED BY DEFAULT AS IDENTITY (
    SEQUENCE NAME public.web_room_id_seq
    START WITH 1
    INCREMENT BY 1
    NO MINVALUE
    NO MAXVALUE
    CACHE 1
);


--
-- Name: web_streetwarsaw; Type: TABLE; Schema: public; Owner: postgres
--

CREATE TABLE public.web_streetwarsaw (
    id integer NOT NULL,
    name character varying(128) NOT NULL,
    district_id integer
);


ALTER TABLE public.web_streetwarsaw OWNER TO postgres;

--
-- Name: web_streetwarsaw_id_seq; Type: SEQUENCE; Schema: public; Owner: postgres
--

ALTER TABLE public.web_streetwarsaw ALTER COLUMN id ADD GENERATED BY DEFAULT AS IDENTITY (
    SEQUENCE NAME public.web_streetwarsaw_id_seq
    START WITH 1
    INCREMENT BY 1
    NO MINVALUE
    NO MAXVALUE
    CACHE 1
);


--
-- Name: web_subdistrictwarsaw; Type: TABLE; Schema: public; Owner: postgres
--

CREATE TABLE public.web_subdistrictwarsaw (
    id integer NOT NULL,
    name character varying(128) NOT NULL,
    district_id integer NOT NULL
);


ALTER TABLE public.web_subdistrictwarsaw OWNER TO postgres;

--
-- Name: web_subdistrictwarsaw_id_seq; Type: SEQUENCE; Schema: public; Owner: postgres
--

ALTER TABLE public.web_subdistrictwarsaw ALTER COLUMN id ADD GENERATED BY DEFAULT AS IDENTITY (
    SEQUENCE NAME public.web_subdistrictwarsaw_id_seq
    START WITH 1
    INCREMENT BY 1
    NO MINVALUE
    NO MAXVALUE
    CACHE 1
);


--
-- Name: web_tag; Type: TABLE; Schema: public; Owner: postgres
--

CREATE TABLE public.web_tag (
    id bigint NOT NULL,
    name character varying(100) NOT NULL
);


ALTER TABLE public.web_tag OWNER TO postgres;

--
-- Name: web_tag_id_seq; Type: SEQUENCE; Schema: public; Owner: postgres
--

ALTER TABLE public.web_tag ALTER COLUMN id ADD GENERATED BY DEFAULT AS IDENTITY (
    SEQUENCE NAME public.web_tag_id_seq
    START WITH 1
    INCREMENT BY 1
    NO MINVALUE
    NO MAXVALUE
    CACHE 1
);


--
-- Name: web_thumbnail; Type: TABLE; Schema: public; Owner: postgres
--

CREATE TABLE public.web_thumbnail (
    id integer NOT NULL,
    photo character varying(100) NOT NULL,
    mimetype character varying(16) NOT NULL,
    width integer NOT NULL,
    height integer NOT NULL,
    status integer NOT NULL,
    product_id_id integer,
    restaurant_id_id bigint
);


ALTER TABLE public.web_thumbnail OWNER TO postgres;

--
-- Name: web_thumbnail_id_seq; Type: SEQUENCE; Schema: public; Owner: postgres
--

ALTER TABLE public.web_thumbnail ALTER COLUMN id ADD GENERATED BY DEFAULT AS IDENTITY (
    SEQUENCE NAME public.web_thumbnail_id_seq
    START WITH 1
    INCREMENT BY 1
    NO MINVALUE
    NO MAXVALUE
    CACHE 1
);


--
-- Name: web_useraddress; Type: TABLE; Schema: public; Owner: postgres
--

CREATE TABLE public.web_useraddress (
    id integer NOT NULL,
    street character varying(128) NOT NULL,
    house character varying(8) NOT NULL,
    door character varying(16),
    city character varying(64) NOT NULL,
    post_code character varying(6),
    main boolean NOT NULL,
    location public.geometry(Point,4326),
    "precision" character varying(64),
    is_located boolean NOT NULL,
    geo_data jsonb,
    info text,
    distance_to_center integer NOT NULL,
    distance_allowed boolean NOT NULL,
    distance_to_point integer NOT NULL,
    nearest_point_id integer,
    user_id integer NOT NULL
);


ALTER TABLE public.web_useraddress OWNER TO postgres;

--
-- Name: web_useraddress_id_seq; Type: SEQUENCE; Schema: public; Owner: postgres
--

ALTER TABLE public.web_useraddress ALTER COLUMN id ADD GENERATED BY DEFAULT AS IDENTITY (
    SEQUENCE NAME public.web_useraddress_id_seq
    START WITH 1
    INCREMENT BY 1
    NO MINVALUE
    NO MAXVALUE
    CACHE 1
);


--
-- Name: web_userphonenumber; Type: TABLE; Schema: public; Owner: postgres
--

CREATE TABLE public.web_userphonenumber (
    id integer NOT NULL,
    phone_number character varying(18) NOT NULL,
    user_id integer NOT NULL
);


ALTER TABLE public.web_userphonenumber OWNER TO postgres;

--
-- Name: web_userphonenumber_id_seq; Type: SEQUENCE; Schema: public; Owner: postgres
--

ALTER TABLE public.web_userphonenumber ALTER COLUMN id ADD GENERATED BY DEFAULT AS IDENTITY (
    SEQUENCE NAME public.web_userphonenumber_id_seq
    START WITH 1
    INCREMENT BY 1
    NO MINVALUE
    NO MAXVALUE
    CACHE 1
);


--
-- Data for Name: auth_group; Type: TABLE DATA; Schema: public; Owner: postgres
--

COPY public.auth_group (id, name) FROM stdin;
\.


--
-- Data for Name: auth_group_permissions; Type: TABLE DATA; Schema: public; Owner: postgres
--

COPY public.auth_group_permissions (id, group_id, permission_id) FROM stdin;
\.


--
-- Data for Name: auth_permission; Type: TABLE DATA; Schema: public; Owner: postgres
--

COPY public.auth_permission (id, name, content_type_id, codename) FROM stdin;
1	Can add log entry	1	add_logentry
2	Can change log entry	1	change_logentry
3	Can delete log entry	1	delete_logentry
4	Can view log entry	1	view_logentry
5	Can add permission	2	add_permission
6	Can change permission	2	change_permission
7	Can delete permission	2	delete_permission
8	Can view permission	2	view_permission
9	Can add group	3	add_group
10	Can change group	3	change_group
11	Can delete group	3	delete_group
12	Can view group	3	view_group
13	Can add user	4	add_user
14	Can change user	4	change_user
15	Can delete user	4	delete_user
16	Can view user	4	view_user
17	Can add content type	5	add_contenttype
18	Can change content type	5	change_contenttype
19	Can delete content type	5	delete_contenttype
20	Can view content type	5	view_contenttype
21	Can add session	6	add_session
22	Can change session	6	change_session
23	Can delete session	6	delete_session
24	Can view session	6	view_session
25	Can add category	7	add_category
26	Can change category	7	change_category
27	Can delete category	7	delete_category
28	Can view category	7	view_category
29	Can add product	8	add_product
30	Can change product	8	change_product
31	Can delete product	8	delete_product
32	Can view product	8	view_product
33	Can add restaurant	9	add_restaurant
34	Can change restaurant	9	change_restaurant
35	Can delete restaurant	9	delete_restaurant
36	Can view restaurant	9	view_restaurant
37	Can add tag	10	add_tag
38	Can change tag	10	change_tag
39	Can delete tag	10	delete_tag
40	Can view tag	10	view_tag
41	Can add thumbnail	11	add_thumbnail
42	Can change thumbnail	11	change_thumbnail
43	Can delete thumbnail	11	delete_thumbnail
44	Can view thumbnail	11	view_thumbnail
45	Can add restaurant menu	12	add_restaurantmenu
46	Can change restaurant menu	12	change_restaurantmenu
47	Can delete restaurant menu	12	delete_restaurantmenu
48	Can view restaurant menu	12	view_restaurantmenu
49	Can add opening hours	13	add_openinghours
50	Can change opening hours	13	change_openinghours
51	Can delete opening hours	13	delete_openinghours
52	Can view opening hours	13	view_openinghours
53	Can add city	14	add_city
54	Can change city	14	change_city
55	Can delete city	14	delete_city
56	Can view city	14	view_city
57	Can add district warsaw	15	add_districtwarsaw
58	Can change district warsaw	15	change_districtwarsaw
59	Can delete district warsaw	15	delete_districtwarsaw
60	Can view district warsaw	15	view_districtwarsaw
61	Can add post code warsaw	16	add_postcodewarsaw
62	Can change post code warsaw	16	change_postcodewarsaw
63	Can delete post code warsaw	16	delete_postcodewarsaw
64	Can view post code warsaw	16	view_postcodewarsaw
65	Can add user phone number	17	add_userphonenumber
66	Can change user phone number	17	change_userphonenumber
67	Can delete user phone number	17	delete_userphonenumber
68	Can view user phone number	17	view_userphonenumber
69	Can add user address	18	add_useraddress
70	Can change user address	18	change_useraddress
71	Can delete user address	18	delete_useraddress
72	Can view user address	18	view_useraddress
73	Can add sub district warsaw	19	add_subdistrictwarsaw
74	Can change sub district warsaw	19	change_subdistrictwarsaw
75	Can delete sub district warsaw	19	delete_subdistrictwarsaw
76	Can view sub district warsaw	19	view_subdistrictwarsaw
77	Can add street warsaw	20	add_streetwarsaw
78	Can change street warsaw	20	change_streetwarsaw
79	Can delete street warsaw	20	delete_streetwarsaw
80	Can view street warsaw	20	view_streetwarsaw
81	Can add profile	21	add_profile
82	Can change profile	21	change_profile
83	Can delete profile	21	delete_profile
84	Can view profile	21	view_profile
85	Can add company data	22	add_companydata
86	Can change company data	22	change_companydata
87	Can delete company data	22	delete_companydata
88	Can view company data	22	view_companydata
89	Can add activate token	23	add_activatetoken
90	Can change activate token	23	change_activatetoken
91	Can delete activate token	23	delete_activatetoken
92	Can view activate token	23	view_activatetoken
93	Can add photo	24	add_photo
94	Can change photo	24	change_photo
95	Can delete photo	24	delete_photo
96	Can view photo	24	view_photo
97	Can add food supplier	25	add_foodsupplier
98	Can change food supplier	25	change_foodsupplier
99	Can delete food supplier	25	delete_foodsupplier
100	Can view food supplier	25	view_foodsupplier
101	Can add room	26	add_room
102	Can change room	26	change_room
103	Can delete room	26	delete_room
104	Can view room	26	view_room
105	Can add advantage	27	add_advantage
106	Can change advantage	27	change_advantage
107	Can delete advantage	27	delete_advantage
108	Can view advantage	27	view_advantage
\.


--
-- Data for Name: auth_user; Type: TABLE DATA; Schema: public; Owner: postgres
--

COPY public.auth_user (id, password, last_login, is_superuser, username, first_name, last_name, email, is_staff, is_active, date_joined) FROM stdin;
1	pbkdf2_sha256$390000$jzeOtb7l7ee0iQYln8AU3C$u61CgMobS7dkt88dHo8NigxXG+n+tUmpctJC5YlzDz0=	2022-12-08 09:58:19.416939+00	t	KennyDaktyl			michal.pielak81@gmail.com	t	t	2022-12-03 11:12:41.997303+00
\.


--
-- Data for Name: auth_user_groups; Type: TABLE DATA; Schema: public; Owner: postgres
--

COPY public.auth_user_groups (id, user_id, group_id) FROM stdin;
\.


--
-- Data for Name: auth_user_user_permissions; Type: TABLE DATA; Schema: public; Owner: postgres
--

COPY public.auth_user_user_permissions (id, user_id, permission_id) FROM stdin;
\.


--
-- Data for Name: django_admin_log; Type: TABLE DATA; Schema: public; Owner: postgres
--

COPY public.django_admin_log (id, action_time, object_id, object_repr, action_flag, change_message, content_type_id, user_id) FROM stdin;
1	2022-12-03 11:14:16.104117+00	1	Włoska	1	[{"added": {}}]	10	1
2	2022-12-03 11:14:24.331837+00	2	Tradycyjna	1	[{"added": {}}]	10	1
3	2022-12-03 11:14:28.91187+00	1	Tesone	1	[{"added": {}}]	9	1
4	2022-12-03 11:16:56.500438+00	1	Tesone	3		9	1
5	2022-12-03 11:18:06.373184+00	1	Tesone	3		9	1
6	2022-12-03 11:19:09.199316+00	2	Tesone	1	[{"added": {}}]	9	1
7	2022-12-03 11:25:42.056879+00	2	Tesone	2	[{"changed": {"fields": ["Zdj\\u0119cie na listing"]}}]	9	1
8	2022-12-03 11:25:53.046858+00	2	Tesone	2	[{"changed": {"fields": ["Zdj\\u0119cie na listing"]}}]	9	1
9	2022-12-03 11:28:08.245657+00	2	Tesone	2	[{"changed": {"fields": ["Zdj\\u0119cie na listing"]}}]	9	1
10	2022-12-03 11:28:20.530236+00	2	Tesone	2	[{"changed": {"fields": ["Zdj\\u0119cie na listing"]}}]	9	1
11	2022-12-03 11:38:37.098017+00	14	/home/kenny/www/tordo/media/thumbs/restaurants/zamawiaj-jedz-komentuj-na-tordo_200x170.png	3		11	1
12	2022-12-03 11:38:37.100819+00	13	/home/kenny/www/tordo/media/thumbs/restaurants/zamawiaj-jedz-komentuj-na-tordo_200x170.webp	3		11	1
13	2022-12-03 11:38:37.102243+00	16	/home/kenny/www/tordo/media/thumbs/restaurants/zamawiaj-jedz-komentuj-na-tordo_277x187_eFCcqsd.png	3		11	1
14	2022-12-03 11:38:37.103341+00	15	/home/kenny/www/tordo/media/thumbs/restaurants/zamawiaj-jedz-komentuj-na-tordo_277x187_icKOpnl.webp	3		11	1
15	2022-12-03 11:38:54.56286+00	2	Tesone	2	[{"changed": {"fields": ["Zdj\\u0119cie na listing"]}}]	9	1
16	2022-12-03 11:40:19.740052+00	3	Banoli	1	[{"added": {}}]	9	1
17	2022-12-03 11:40:30.988531+00	3	Banoli	2	[{"changed": {"fields": ["Zdj\\u0119cie na listing"]}}]	9	1
18	2022-12-07 11:10:55.268012+00	1	Własna dostawa	1	[{"added": {}}]	25	1
19	2022-12-07 11:11:09.241965+00	2	Glovo	1	[{"added": {}}]	25	1
20	2022-12-07 11:11:18.510925+00	1	Sala	1	[{"added": {}}]	26	1
21	2022-12-07 11:11:39.993829+00	2	Ogródek	1	[{"added": {}}]	26	1
22	2022-12-07 11:11:50.638505+00	3	Bar	1	[{"added": {}}]	26	1
23	2022-12-07 11:13:44.577104+00	1	Muzyka i taniec	1	[{"added": {}}]	27	1
24	2022-12-07 11:14:58.186374+00	3	Banoli	2	[{"changed": {"fields": ["Location", "Opis restauracji", "Logo 170x170", "Rodzaje kochni: (many)", "Dostawcy jedzenia: (many)", "Pomieszczenia: (many)", "Dodatkowe atuty: (many)", "Link do facebook", "Link do Instagram", "Link do TikTok"]}}]	9	1
25	2022-12-07 11:16:26.928793+00	1	/home/kenny/www/tordo/media/images/testowy-obrazek-reklama_bUnVn24.png	1	[{"added": {}}]	24	1
26	2022-12-07 11:16:39.3225+00	2	/home/kenny/www/tordo/media/images/zamawiaj-jedz-komentuj-na-tordo_Kgpm6FZ.png	1	[{"added": {}}]	24	1
27	2022-12-07 11:17:36.140838+00	3	/home/kenny/www/tordo/media/images/banoli-galeria.jpg	1	[{"added": {}}]	24	1
28	2022-12-07 11:18:32.458138+00	1	Dania główne	1	[{"added": {}}]	7	1
29	2022-12-07 11:19:28.130268+00	1	Stek w ziołach, 99zł, vat23%	1	[{"added": {}}]	8	1
30	2022-12-07 11:19:31.77526+00	2	Stek w ziołach, 99zł, vat23%	1	[{"added": {}}]	8	1
31	2022-12-07 11:20:19.87211+00	2	Fast food	1	[{"added": {}}]	7	1
32	2022-12-07 11:20:25.968823+00	3	Burger wołowy, 0zł, vat23%	1	[{"added": {}}]	8	1
33	2022-12-07 11:20:54.372791+00	4	Frytki, 15zł, vat7%	1	[{"added": {}}]	8	1
34	2022-12-07 11:21:22.58174+00	1	Banoli, Burger wołowy, 0.00zł, vat23%	1	[{"added": {}}]	12	1
35	2022-12-07 11:21:32.065266+00	2	Banoli, Frytki, 15.00zł, vat7%	1	[{"added": {}}]	12	1
36	2022-12-07 11:21:45.304452+00	3	Banoli, Stek w ziołach, 99.00zł, vat23%	1	[{"added": {}}]	12	1
37	2022-12-07 11:37:59.381005+00	1	Sala	2	[{"changed": {"fields": ["Dodatkowe atuty restauracji"]}}]	26	1
38	2022-12-07 11:38:05.331274+00	2	Ogródek	2	[{"changed": {"fields": ["Dodatkowe atuty restauracji"]}}]	26	1
39	2022-12-07 11:38:11.115266+00	3	Bar	2	[{"changed": {"fields": ["Dodatkowe atuty restauracji"]}}]	26	1
40	2022-12-07 11:38:49.476026+00	2	Menu dziecięce	1	[{"added": {}}]	27	1
41	2022-12-07 11:50:07.961822+00	3	Banoli	2	[{"changed": {"fields": ["Motto restauracji"]}}]	9	1
42	2022-12-07 11:55:47.175878+00	3	Banoli	2	[{"changed": {"fields": ["Numer telefonu"]}}]	9	1
43	2022-12-07 13:43:40.38411+00	4	Piwnica	1	[{"added": {}}]	26	1
44	2022-12-07 13:44:38.16681+00	3	Sala dla palących	1	[{"added": {}}]	27	1
45	2022-12-08 14:29:54.126918+00	3	Burger wołowy, 0.00zł, vat23%	2	[{"changed": {"fields": ["Zdj\\u0119cie na koszyk 430x173"]}}]	8	1
46	2022-12-08 14:30:16.825057+00	4	Frytki, 15.00zł, vat7%	2	[{"changed": {"fields": ["Zdj\\u0119cie na koszyk 430x173"]}}]	8	1
47	2022-12-08 14:30:30.017765+00	2	Stek w ziołach, 99.00zł, vat23%	2	[{"changed": {"fields": ["Zdj\\u0119cie na koszyk 430x173"]}}]	8	1
48	2022-12-08 14:30:45.958713+00	1	Stek w ziołach, 99.00zł, vat23%	2	[{"changed": {"fields": ["Zdj\\u0119cie na koszyk 430x173"]}}]	8	1
49	2022-12-08 14:30:51.430529+00	1	Stek w ziołach, 99.00zł, vat23%	2	[{"changed": {"fields": ["Restauracji"]}}]	8	1
50	2022-12-14 17:06:21.598586+00	3	Dania główne - Tesone	1	[{"added": {}}]	7	1
51	2022-12-14 17:06:30.559855+00	1	Stek w ziołach, 99.00zł, vat23%	2	[{"changed": {"fields": ["Typ produktu"]}}]	8	1
\.


--
-- Data for Name: django_content_type; Type: TABLE DATA; Schema: public; Owner: postgres
--

COPY public.django_content_type (id, app_label, model) FROM stdin;
1	admin	logentry
2	auth	permission
3	auth	group
4	auth	user
5	contenttypes	contenttype
6	sessions	session
7	web	category
8	web	product
9	web	restaurant
10	web	tag
11	web	thumbnail
12	web	restaurantmenu
13	web	openinghours
14	web	city
15	web	districtwarsaw
16	web	postcodewarsaw
17	web	userphonenumber
18	web	useraddress
19	web	subdistrictwarsaw
20	web	streetwarsaw
21	web	profile
22	web	companydata
23	web	activatetoken
24	web	photo
25	web	foodsupplier
26	web	room
27	web	advantage
\.


--
-- Data for Name: django_migrations; Type: TABLE DATA; Schema: public; Owner: postgres
--

COPY public.django_migrations (id, app, name, applied) FROM stdin;
1	contenttypes	0001_initial	2022-11-27 12:45:19.069106+00
2	auth	0001_initial	2022-11-27 12:45:19.131784+00
3	admin	0001_initial	2022-11-27 12:45:19.151011+00
4	admin	0002_logentry_remove_auto_add	2022-11-27 12:45:19.160056+00
5	admin	0003_logentry_add_action_flag_choices	2022-11-27 12:45:19.168791+00
6	contenttypes	0002_remove_content_type_name	2022-11-27 12:45:19.188943+00
7	auth	0002_alter_permission_name_max_length	2022-11-27 12:45:19.198221+00
8	auth	0003_alter_user_email_max_length	2022-11-27 12:45:19.208885+00
9	auth	0004_alter_user_username_opts	2022-11-27 12:45:19.217406+00
10	auth	0005_alter_user_last_login_null	2022-11-27 12:45:19.2265+00
11	auth	0006_require_contenttypes_0002	2022-11-27 12:45:19.22859+00
12	auth	0007_alter_validators_add_error_messages	2022-11-27 12:45:19.237218+00
13	auth	0008_alter_user_username_max_length	2022-11-27 12:45:19.251108+00
14	auth	0009_alter_user_last_name_max_length	2022-11-27 12:45:19.260335+00
15	auth	0010_alter_group_name_max_length	2022-11-27 12:45:19.272501+00
16	auth	0011_update_proxy_permissions	2022-11-27 12:45:19.287486+00
17	auth	0012_alter_user_first_name_max_length	2022-11-27 12:45:19.303662+00
18	sessions	0001_initial	2022-11-27 12:45:19.313757+00
19	web	0001_initial	2022-11-27 12:45:19.430032+00
20	web	0002_city_districtwarsaw_postcodewarsaw_userphonenumber_and_more	2022-12-06 16:49:59.016229+00
21	web	0003_restaurant_motto_and_more	2022-12-06 16:49:59.063027+00
22	web	0004_image	2022-12-06 16:49:59.098561+00
23	web	0005_photo_delete_image	2022-12-06 16:49:59.142617+00
24	web	0006_foodsupplier_alter_photo_image_and_more	2022-12-06 16:49:59.197736+00
25	web	0007_alter_foodsupplier_options_foodsupplier_order	2022-12-06 16:49:59.2119+00
26	web	0008_room_rename_food_supplier_restaurant_food_suppliers_and_more	2022-12-07 11:03:14.910207+00
27	web	0009_restaurant_link_facebook_restaurant_link_instagram_and_more	2022-12-07 11:03:14.992984+00
28	web	0010_advantage_restaurant_advantages	2022-12-07 11:03:15.040133+00
29	web	0011_advantage_restaurant	2022-12-07 11:03:15.075373+00
30	web	0012_alter_advantage_description_alter_advantage_image_and_more	2022-12-07 11:37:41.503454+00
31	web	0013_room_restaurant	2022-12-07 11:37:41.540947+00
32	web	0014_restaurant_phone_number	2022-12-07 11:55:17.699426+00
33	web	0015_alter_restaurant_phone_number	2022-12-07 11:55:17.729066+00
34	web	0016_product_restaurant	2022-12-08 11:44:05.977843+00
35	web	0017_remove_product_restaurant_category_restaurant	2022-12-14 17:04:40.157191+00
\.


--
-- Data for Name: django_session; Type: TABLE DATA; Schema: public; Owner: postgres
--

COPY public.django_session (session_key, session_data, expire_date) FROM stdin;
\.


--
-- Data for Name: spatial_ref_sys; Type: TABLE DATA; Schema: public; Owner: postgres
--

COPY public.spatial_ref_sys (srid, auth_name, auth_srid, srtext, proj4text) FROM stdin;
\.


--
-- Data for Name: web_activatetoken; Type: TABLE DATA; Schema: public; Owner: postgres
--

COPY public.web_activatetoken (id, created_time, activation_token, user_id) FROM stdin;
\.


--
-- Data for Name: web_advantage; Type: TABLE DATA; Schema: public; Owner: postgres
--

COPY public.web_advantage (id, name, image, description, "order", restaurant_id) FROM stdin;
1	Muzyka i taniec	others/muzyka.jpg	Tańce w każdy piątek	1	3
2	Menu dziecięce	others/muzyka_TzEwzWv.svg	\N	2	3
3	Sala dla palących	others/muzyka_2VdOZRg.svg	\N	4	3
\.


--
-- Data for Name: web_category; Type: TABLE DATA; Schema: public; Owner: postgres
--

COPY public.web_category (id, number, name, slug, is_active, restaurant_id) FROM stdin;
1	1	Dania główne	dania-gowne	t	3
2	3	Fast food	fast-food	t	3
3	1	Dania główne	dania-gowne	t	2
\.


--
-- Data for Name: web_city; Type: TABLE DATA; Schema: public; Owner: postgres
--

COPY public.web_city (id, name) FROM stdin;
\.


--
-- Data for Name: web_companydata; Type: TABLE DATA; Schema: public; Owner: postgres
--

COPY public.web_companydata (id, company_name, company_name_l, street, house, door, city, post_code, nip, main, user_id) FROM stdin;
\.


--
-- Data for Name: web_districtwarsaw; Type: TABLE DATA; Schema: public; Owner: postgres
--

COPY public.web_districtwarsaw (id, name, city_id) FROM stdin;
\.


--
-- Data for Name: web_foodsupplier; Type: TABLE DATA; Schema: public; Owner: postgres
--

COPY public.web_foodsupplier (id, name, image, "order") FROM stdin;
1	Własna dostawa	others/logo-wlasne-dostawy_5B0YRbh.jpg	1
2	Glovo	others/logo-glovo_gTWrksd.jpg	2
\.


--
-- Data for Name: web_openinghours; Type: TABLE DATA; Schema: public; Owner: postgres
--

COPY public.web_openinghours (id, weekday, from_hour, to_hour, default_hours, restaurant_id) FROM stdin;
\.


--
-- Data for Name: web_photo; Type: TABLE DATA; Schema: public; Owner: postgres
--

COPY public.web_photo (id, image, image_type, thumbnails_cache, product_id_id, restaurant_id_id) FROM stdin;
1	images/testowy-obrazek-reklama_bUnVn24.png	1	{"gallery": {"jpeg": {"289x223": "thumbs/images/testowy-obrazek-reklama_bUnVn24_289x223.png"}, "webp": {"289x223": "thumbs/images/testowy-obrazek-reklama_bUnVn24_289x223.webp"}}}	\N	3
2	images/zamawiaj-jedz-komentuj-na-tordo_Kgpm6FZ.png	1	{"gallery": {"jpeg": {"289x223": "thumbs/images/zamawiaj-jedz-komentuj-na-tordo_Kgpm6FZ_289x223.png"}, "webp": {"289x223": "thumbs/images/zamawiaj-jedz-komentuj-na-tordo_Kgpm6FZ_289x223.webp"}}}	\N	3
3	images/banoli-galeria.jpg	1	{"gallery": {"jpeg": {"289x223": "thumbs/images/banoli-galeria_289x223.jpeg"}, "webp": {"289x223": "thumbs/images/banoli-galeria_289x223.webp"}}}	\N	3
\.


--
-- Data for Name: web_postcodewarsaw; Type: TABLE DATA; Schema: public; Owner: postgres
--

COPY public.web_postcodewarsaw (id, name, location, "precision", is_located, geo_data, sub_district_id) FROM stdin;
\.


--
-- Data for Name: web_product; Type: TABLE DATA; Schema: public; Owner: postgres
--

COPY public.web_product (id, name, slug, price, tax, description, image_listing_jpg, image_basket_jpg, thumbnails_cache, is_active, category_id) FROM stdin;
1	Stek w ziołach	stek-w-ziolach	99.00	3	Stek w ziołach prowansalskich podawany z frytkami i burakami	products/stek-w-ziolach_8vWjNYr.jpg	products/stek-w-ziolach_OHZdii8.jpg	{"thumbnails_basket": {"jpeg": {"430x173": "thumbs/products/stek-w-ziolach_OHZdii8_430x173.jpeg"}, "webp": {"430x173": "thumbs/products/stek-w-ziolach_OHZdii8_430x173.webp"}}, "thumbnails_listing": {"jpeg": {"200x130": "thumbs/products/stek-w-ziolach_8vWjNYr_200x130.jpeg"}, "webp": {"200x130": "thumbs/products/stek-w-ziolach_8vWjNYr_200x130.webp"}}}	t	3
3	Burger wołowy	burger-wolowy	0.00	3	Pyszny burger wołowy podawany z frytkami	products/burger_WgzeVug.jpg	products/testowy-obrazek-reklama-2.png	{"thumbnails_basket": {"jpeg": {"430x173": "thumbs/products/testowy-obrazek-reklama-2_430x173.png"}, "webp": {"430x173": "thumbs/products/testowy-obrazek-reklama-2_430x173.webp"}}, "thumbnails_listing": {"jpeg": {"200x130": "thumbs/products/burger_WgzeVug_200x130.jpeg"}, "webp": {"200x130": "thumbs/products/burger_WgzeVug_200x130.webp"}}}	t	2
4	Frytki	frytki	15.00	2	Pyszne polskie ziemniaki	products/frytki_Mswaprx.jpg	products/frytki_9sz0L2n.jpg	{"thumbnails_basket": {"jpeg": {"430x173": "thumbs/products/frytki_9sz0L2n_430x173.jpeg"}, "webp": {"430x173": "thumbs/products/frytki_9sz0L2n_430x173.webp"}}, "thumbnails_listing": {"jpeg": {"200x130": "thumbs/products/frytki_Mswaprx_200x130.jpeg"}, "webp": {"200x130": "thumbs/products/frytki_Mswaprx_200x130.webp"}}}	t	2
2	Stek w ziołach	stek-w-ziolach	99.00	3	Stek w ziołach prowansalskich podawany z frytkami i burakami	products/stek-w-ziolach_ALKsKmJ.jpg	products/stek-w-ziolach_R20ydxU.jpg	{"thumbnails_basket": {"jpeg": {"430x173": "thumbs/products/stek-w-ziolach_R20ydxU_430x173.jpeg"}, "webp": {"430x173": "thumbs/products/stek-w-ziolach_R20ydxU_430x173.webp"}}, "thumbnails_listing": {"jpeg": {"200x130": "thumbs/products/stek-w-ziolach_ALKsKmJ_200x130.jpeg"}, "webp": {"200x130": "thumbs/products/stek-w-ziolach_ALKsKmJ_200x130.webp"}}}	t	1
\.


--
-- Data for Name: web_profile; Type: TABLE DATA; Schema: public; Owner: postgres
--

COPY public.web_profile (id, restaurant_name, slug, status, user_id) FROM stdin;
\.


--
-- Data for Name: web_restaurant; Type: TABLE DATA; Schema: public; Owner: postgres
--

COPY public.web_restaurant (id, created_time, modified_time, name, slug, location, street, house, door, city, post_code, is_located, is_active, geo_data, home_page, description, likes_counter, image_listing_photo, image_logo_photo, image_main_photo_desktop, image_main_photo_mobile, thumbnails_cache, user_id, motto, link_facebook, link_instagram, link_tiktok, link_youtube, phone_number) FROM stdin;
2	2022-12-02 23:18:00+00	2022-12-03 11:38:54.557784+00	Tesone	tesone	0101000020E6100000612FEFFFFF1F1CC032AB937AC2F92440	Kobierzyńska	2	\N	Kraków	32-929	f	t		http://www.brak-strony.pl		0	restaurants/testowy-obrazek-reklama_rPbrdh7.png				{"logo": {}, "listing": {"jpeg": {"277x187": "thumbs/restaurants/testowy-obrazek-reklama_rPbrdh7_277x187.png", "500x145": "thumbs/restaurants/testowy-obrazek-reklama_rPbrdh7_500x145.png"}, "webp": {"277x187": "thumbs/restaurants/testowy-obrazek-reklama_rPbrdh7_277x187.webp", "500x145": "thumbs/restaurants/testowy-obrazek-reklama_rPbrdh7_500x145.webp"}}, "main_mobile": {}, "main_desktop": {}}	\N	1	\N	\N	\N	\N	1
3	2022-12-02 23:39:00+00	2022-12-07 11:55:47.166911+00	Banoli	banoli	0101000020E61000007141F48909A43340CE8CA5BE5C054940	Wspólna	2	\N	Rybna	32-061	f	t		http://www.brak-strony.pl	There are many variations of passages of Lorem Ipsum available, but the majority have suffered alteration in some form, by injected humour, or randomised words which don't look even slightly believable. If you are going to use a passage of Lorem Ipsum, you need to be sure there isn't anything embarrassing hidden in the middle of text. All the Lorem Ipsum generators on the Internet tend to repeat predefined chunks as necessary, making this the first true generator on the Internet. It uses a dictionary of over 200 Latin words, combined with a handful of model sentence structures, to generate Lorem Ipsum which looks reasonable. The generated Lorem Ipsum is therefore always free from repetition, injected humour, or non-characteristic words etc.	0	restaurants/zamawiaj-jedz-komentuj-na-tordo.png	restaurants/logo-lokanta_kHrmmh2.png			{"logo": {"jpeg": {"200x95": "thumbs/restaurants/logo-lokanta_kHrmmh2_200x95.png", "340x340": "thumbs/restaurants/logo-lokanta_kHrmmh2_340x340.png"}, "webp": {"200x95": "thumbs/restaurants/logo-lokanta_kHrmmh2_200x95.webp", "340x340": "thumbs/restaurants/logo-lokanta_kHrmmh2_340x340.webp"}}, "listing": {"jpeg": {"277x187": "thumbs/restaurants/zamawiaj-jedz-komentuj-na-tordo_277x187_Bo3kxVo.png", "500x145": "thumbs/restaurants/zamawiaj-jedz-komentuj-na-tordo_500x145.png"}, "webp": {"277x187": "thumbs/restaurants/zamawiaj-jedz-komentuj-na-tordo_277x187_7uNNAkq.webp", "500x145": "thumbs/restaurants/zamawiaj-jedz-komentuj-na-tordo_500x145.webp"}}, "main_mobile": {}, "main_desktop": {}}	1	Restauracja indyjska	https://www.facebook.com/	https://www.facebook.com/	https://www.facebook.com/	\N	555666000
\.


--
-- Data for Name: web_restaurant_advantages; Type: TABLE DATA; Schema: public; Owner: postgres
--

COPY public.web_restaurant_advantages (id, restaurant_id, advantage_id) FROM stdin;
1	3	1
\.


--
-- Data for Name: web_restaurant_food_suppliers; Type: TABLE DATA; Schema: public; Owner: postgres
--

COPY public.web_restaurant_food_suppliers (id, restaurant_id, foodsupplier_id) FROM stdin;
1	3	1
2	3	2
\.


--
-- Data for Name: web_restaurant_rooms; Type: TABLE DATA; Schema: public; Owner: postgres
--

COPY public.web_restaurant_rooms (id, restaurant_id, room_id) FROM stdin;
1	3	1
2	3	2
3	3	3
\.


--
-- Data for Name: web_restaurant_tags; Type: TABLE DATA; Schema: public; Owner: postgres
--

COPY public.web_restaurant_tags (id, restaurant_id, tag_id) FROM stdin;
3	2	1
4	2	2
5	3	1
6	3	2
\.


--
-- Data for Name: web_restaurantmenu; Type: TABLE DATA; Schema: public; Owner: postgres
--

COPY public.web_restaurantmenu (id, product_id, restaurant_id) FROM stdin;
1	3	3
2	4	3
3	1	3
\.


--
-- Data for Name: web_room; Type: TABLE DATA; Schema: public; Owner: postgres
--

COPY public.web_room (id, name, qty, "order", restaurant_id) FROM stdin;
1	Sala	99	1	3
2	Ogródek	25	2	3
3	Bar	20	3	3
4	Piwnica	50	4	3
\.


--
-- Data for Name: web_streetwarsaw; Type: TABLE DATA; Schema: public; Owner: postgres
--

COPY public.web_streetwarsaw (id, name, district_id) FROM stdin;
\.


--
-- Data for Name: web_subdistrictwarsaw; Type: TABLE DATA; Schema: public; Owner: postgres
--

COPY public.web_subdistrictwarsaw (id, name, district_id) FROM stdin;
\.


--
-- Data for Name: web_tag; Type: TABLE DATA; Schema: public; Owner: postgres
--

COPY public.web_tag (id, name) FROM stdin;
1	Włoska
2	Tradycyjna
\.


--
-- Data for Name: web_thumbnail; Type: TABLE DATA; Schema: public; Owner: postgres
--

COPY public.web_thumbnail (id, photo, mimetype, width, height, status, product_id_id, restaurant_id_id) FROM stdin;
17	thumbs/restaurants/testowy-obrazek-reklama_rPbrdh7_500x145.webp	image/webp	500	145	2	\N	2
18	thumbs/restaurants/testowy-obrazek-reklama_rPbrdh7_500x145.png	image/png	500	145	2	\N	2
19	thumbs/restaurants/testowy-obrazek-reklama_rPbrdh7_277x187.webp	image/webp	277	187	2	\N	2
20	thumbs/restaurants/testowy-obrazek-reklama_rPbrdh7_277x187.png	image/png	277	187	2	\N	2
33	thumbs/images/testowy-obrazek-reklama_bUnVn24_289x223.webp	image/webp	289	223	3	\N	3
34	thumbs/images/testowy-obrazek-reklama_bUnVn24_289x223.png	image/png	289	223	3	\N	3
35	thumbs/images/zamawiaj-jedz-komentuj-na-tordo_Kgpm6FZ_289x223.webp	image/webp	289	223	3	\N	3
36	thumbs/images/zamawiaj-jedz-komentuj-na-tordo_Kgpm6FZ_289x223.png	image/png	289	223	3	\N	3
37	thumbs/images/banoli-galeria_289x223.webp	image/webp	289	223	3	\N	3
38	thumbs/images/banoli-galeria_289x223.jpeg	image/jpeg	289	223	3	\N	3
55	thumbs/restaurants/zamawiaj-jedz-komentuj-na-tordo_500x145.webp	image/webp	500	145	2	\N	3
56	thumbs/restaurants/zamawiaj-jedz-komentuj-na-tordo_500x145.png	image/png	500	145	2	\N	3
57	thumbs/restaurants/zamawiaj-jedz-komentuj-na-tordo_277x187_7uNNAkq.webp	image/webp	277	187	2	\N	3
58	thumbs/restaurants/zamawiaj-jedz-komentuj-na-tordo_277x187_Bo3kxVo.png	image/png	277	187	2	\N	3
59	thumbs/restaurants/logo-lokanta_kHrmmh2_200x95.webp	image/webp	200	95	0	\N	3
60	thumbs/restaurants/logo-lokanta_kHrmmh2_200x95.png	image/png	200	95	0	\N	3
61	thumbs/restaurants/logo-lokanta_kHrmmh2_340x340.webp	image/webp	340	340	0	\N	3
62	thumbs/restaurants/logo-lokanta_kHrmmh2_340x340.png	image/png	340	340	0	\N	3
63	thumbs/products/burger_WgzeVug_200x130.webp	image/webp	200	130	5	3	\N
64	thumbs/products/burger_WgzeVug_200x130.jpeg	image/jpeg	200	130	5	3	\N
65	thumbs/products/testowy-obrazek-reklama-2_430x173.webp	image/webp	430	173	6	3	\N
66	thumbs/products/testowy-obrazek-reklama-2_430x173.png	image/png	430	173	6	3	\N
67	thumbs/products/frytki_Mswaprx_200x130.webp	image/webp	200	130	5	4	\N
68	thumbs/products/frytki_Mswaprx_200x130.jpeg	image/jpeg	200	130	5	4	\N
69	thumbs/products/frytki_9sz0L2n_430x173.webp	image/webp	430	173	6	4	\N
70	thumbs/products/frytki_9sz0L2n_430x173.jpeg	image/jpeg	430	173	6	4	\N
71	thumbs/products/stek-w-ziolach_ALKsKmJ_200x130.webp	image/webp	200	130	5	2	\N
72	thumbs/products/stek-w-ziolach_ALKsKmJ_200x130.jpeg	image/jpeg	200	130	5	2	\N
73	thumbs/products/stek-w-ziolach_R20ydxU_430x173.webp	image/webp	430	173	6	2	\N
74	thumbs/products/stek-w-ziolach_R20ydxU_430x173.jpeg	image/jpeg	430	173	6	2	\N
83	thumbs/products/stek-w-ziolach_8vWjNYr_200x130.webp	image/webp	200	130	5	1	\N
84	thumbs/products/stek-w-ziolach_8vWjNYr_200x130.jpeg	image/jpeg	200	130	5	1	\N
85	thumbs/products/stek-w-ziolach_OHZdii8_430x173.webp	image/webp	430	173	6	1	\N
86	thumbs/products/stek-w-ziolach_OHZdii8_430x173.jpeg	image/jpeg	430	173	6	1	\N
\.


--
-- Data for Name: web_useraddress; Type: TABLE DATA; Schema: public; Owner: postgres
--

COPY public.web_useraddress (id, street, house, door, city, post_code, main, location, "precision", is_located, geo_data, info, distance_to_center, distance_allowed, distance_to_point, nearest_point_id, user_id) FROM stdin;
\.


--
-- Data for Name: web_userphonenumber; Type: TABLE DATA; Schema: public; Owner: postgres
--

COPY public.web_userphonenumber (id, phone_number, user_id) FROM stdin;
\.


--
-- Name: auth_group_id_seq; Type: SEQUENCE SET; Schema: public; Owner: postgres
--

SELECT pg_catalog.setval('public.auth_group_id_seq', 1, false);


--
-- Name: auth_group_permissions_id_seq; Type: SEQUENCE SET; Schema: public; Owner: postgres
--

SELECT pg_catalog.setval('public.auth_group_permissions_id_seq', 1, false);


--
-- Name: auth_permission_id_seq; Type: SEQUENCE SET; Schema: public; Owner: postgres
--

SELECT pg_catalog.setval('public.auth_permission_id_seq', 108, true);


--
-- Name: auth_user_groups_id_seq; Type: SEQUENCE SET; Schema: public; Owner: postgres
--

SELECT pg_catalog.setval('public.auth_user_groups_id_seq', 1, false);


--
-- Name: auth_user_id_seq; Type: SEQUENCE SET; Schema: public; Owner: postgres
--

SELECT pg_catalog.setval('public.auth_user_id_seq', 1, true);


--
-- Name: auth_user_user_permissions_id_seq; Type: SEQUENCE SET; Schema: public; Owner: postgres
--

SELECT pg_catalog.setval('public.auth_user_user_permissions_id_seq', 1, false);


--
-- Name: django_admin_log_id_seq; Type: SEQUENCE SET; Schema: public; Owner: postgres
--

SELECT pg_catalog.setval('public.django_admin_log_id_seq', 51, true);


--
-- Name: django_content_type_id_seq; Type: SEQUENCE SET; Schema: public; Owner: postgres
--

SELECT pg_catalog.setval('public.django_content_type_id_seq', 27, true);


--
-- Name: django_migrations_id_seq; Type: SEQUENCE SET; Schema: public; Owner: postgres
--

SELECT pg_catalog.setval('public.django_migrations_id_seq', 35, true);


--
-- Name: web_activatetoken_id_seq; Type: SEQUENCE SET; Schema: public; Owner: postgres
--

SELECT pg_catalog.setval('public.web_activatetoken_id_seq', 1, false);


--
-- Name: web_advantage_id_seq; Type: SEQUENCE SET; Schema: public; Owner: postgres
--

SELECT pg_catalog.setval('public.web_advantage_id_seq', 3, true);


--
-- Name: web_category_id_seq; Type: SEQUENCE SET; Schema: public; Owner: postgres
--

SELECT pg_catalog.setval('public.web_category_id_seq', 3, true);


--
-- Name: web_city_id_seq; Type: SEQUENCE SET; Schema: public; Owner: postgres
--

SELECT pg_catalog.setval('public.web_city_id_seq', 1, false);


--
-- Name: web_companydata_id_seq; Type: SEQUENCE SET; Schema: public; Owner: postgres
--

SELECT pg_catalog.setval('public.web_companydata_id_seq', 1, false);


--
-- Name: web_districtwarsaw_id_seq; Type: SEQUENCE SET; Schema: public; Owner: postgres
--

SELECT pg_catalog.setval('public.web_districtwarsaw_id_seq', 1, false);


--
-- Name: web_foodsupplier_id_seq; Type: SEQUENCE SET; Schema: public; Owner: postgres
--

SELECT pg_catalog.setval('public.web_foodsupplier_id_seq', 2, true);


--
-- Name: web_openinghours_id_seq; Type: SEQUENCE SET; Schema: public; Owner: postgres
--

SELECT pg_catalog.setval('public.web_openinghours_id_seq', 1, false);


--
-- Name: web_photo_id_seq; Type: SEQUENCE SET; Schema: public; Owner: postgres
--

SELECT pg_catalog.setval('public.web_photo_id_seq', 3, true);


--
-- Name: web_postcodewarsaw_id_seq; Type: SEQUENCE SET; Schema: public; Owner: postgres
--

SELECT pg_catalog.setval('public.web_postcodewarsaw_id_seq', 1, false);


--
-- Name: web_product_id_seq; Type: SEQUENCE SET; Schema: public; Owner: postgres
--

SELECT pg_catalog.setval('public.web_product_id_seq', 4, true);


--
-- Name: web_profile_id_seq; Type: SEQUENCE SET; Schema: public; Owner: postgres
--

SELECT pg_catalog.setval('public.web_profile_id_seq', 1, false);


--
-- Name: web_restaurant_advantages_id_seq; Type: SEQUENCE SET; Schema: public; Owner: postgres
--

SELECT pg_catalog.setval('public.web_restaurant_advantages_id_seq', 1, true);


--
-- Name: web_restaurant_food_supplier_id_seq; Type: SEQUENCE SET; Schema: public; Owner: postgres
--

SELECT pg_catalog.setval('public.web_restaurant_food_supplier_id_seq', 2, true);


--
-- Name: web_restaurant_id_seq; Type: SEQUENCE SET; Schema: public; Owner: postgres
--

SELECT pg_catalog.setval('public.web_restaurant_id_seq', 3, true);


--
-- Name: web_restaurant_rooms_id_seq; Type: SEQUENCE SET; Schema: public; Owner: postgres
--

SELECT pg_catalog.setval('public.web_restaurant_rooms_id_seq', 3, true);


--
-- Name: web_restaurant_tags_id_seq; Type: SEQUENCE SET; Schema: public; Owner: postgres
--

SELECT pg_catalog.setval('public.web_restaurant_tags_id_seq', 6, true);


--
-- Name: web_restaurantmenu_id_seq; Type: SEQUENCE SET; Schema: public; Owner: postgres
--

SELECT pg_catalog.setval('public.web_restaurantmenu_id_seq', 3, true);


--
-- Name: web_room_id_seq; Type: SEQUENCE SET; Schema: public; Owner: postgres
--

SELECT pg_catalog.setval('public.web_room_id_seq', 4, true);


--
-- Name: web_streetwarsaw_id_seq; Type: SEQUENCE SET; Schema: public; Owner: postgres
--

SELECT pg_catalog.setval('public.web_streetwarsaw_id_seq', 1, false);


--
-- Name: web_subdistrictwarsaw_id_seq; Type: SEQUENCE SET; Schema: public; Owner: postgres
--

SELECT pg_catalog.setval('public.web_subdistrictwarsaw_id_seq', 1, false);


--
-- Name: web_tag_id_seq; Type: SEQUENCE SET; Schema: public; Owner: postgres
--

SELECT pg_catalog.setval('public.web_tag_id_seq', 2, true);


--
-- Name: web_thumbnail_id_seq; Type: SEQUENCE SET; Schema: public; Owner: postgres
--

SELECT pg_catalog.setval('public.web_thumbnail_id_seq', 86, true);


--
-- Name: web_useraddress_id_seq; Type: SEQUENCE SET; Schema: public; Owner: postgres
--

SELECT pg_catalog.setval('public.web_useraddress_id_seq', 1, false);


--
-- Name: web_userphonenumber_id_seq; Type: SEQUENCE SET; Schema: public; Owner: postgres
--

SELECT pg_catalog.setval('public.web_userphonenumber_id_seq', 1, false);


--
-- Name: auth_group auth_group_name_key; Type: CONSTRAINT; Schema: public; Owner: postgres
--

ALTER TABLE ONLY public.auth_group
    ADD CONSTRAINT auth_group_name_key UNIQUE (name);


--
-- Name: auth_group_permissions auth_group_permissions_group_id_permission_id_0cd325b0_uniq; Type: CONSTRAINT; Schema: public; Owner: postgres
--

ALTER TABLE ONLY public.auth_group_permissions
    ADD CONSTRAINT auth_group_permissions_group_id_permission_id_0cd325b0_uniq UNIQUE (group_id, permission_id);


--
-- Name: auth_group_permissions auth_group_permissions_pkey; Type: CONSTRAINT; Schema: public; Owner: postgres
--

ALTER TABLE ONLY public.auth_group_permissions
    ADD CONSTRAINT auth_group_permissions_pkey PRIMARY KEY (id);


--
-- Name: auth_group auth_group_pkey; Type: CONSTRAINT; Schema: public; Owner: postgres
--

ALTER TABLE ONLY public.auth_group
    ADD CONSTRAINT auth_group_pkey PRIMARY KEY (id);


--
-- Name: auth_permission auth_permission_content_type_id_codename_01ab375a_uniq; Type: CONSTRAINT; Schema: public; Owner: postgres
--

ALTER TABLE ONLY public.auth_permission
    ADD CONSTRAINT auth_permission_content_type_id_codename_01ab375a_uniq UNIQUE (content_type_id, codename);


--
-- Name: auth_permission auth_permission_pkey; Type: CONSTRAINT; Schema: public; Owner: postgres
--

ALTER TABLE ONLY public.auth_permission
    ADD CONSTRAINT auth_permission_pkey PRIMARY KEY (id);


--
-- Name: auth_user_groups auth_user_groups_pkey; Type: CONSTRAINT; Schema: public; Owner: postgres
--

ALTER TABLE ONLY public.auth_user_groups
    ADD CONSTRAINT auth_user_groups_pkey PRIMARY KEY (id);


--
-- Name: auth_user_groups auth_user_groups_user_id_group_id_94350c0c_uniq; Type: CONSTRAINT; Schema: public; Owner: postgres
--

ALTER TABLE ONLY public.auth_user_groups
    ADD CONSTRAINT auth_user_groups_user_id_group_id_94350c0c_uniq UNIQUE (user_id, group_id);


--
-- Name: auth_user auth_user_pkey; Type: CONSTRAINT; Schema: public; Owner: postgres
--

ALTER TABLE ONLY public.auth_user
    ADD CONSTRAINT auth_user_pkey PRIMARY KEY (id);


--
-- Name: auth_user_user_permissions auth_user_user_permissions_pkey; Type: CONSTRAINT; Schema: public; Owner: postgres
--

ALTER TABLE ONLY public.auth_user_user_permissions
    ADD CONSTRAINT auth_user_user_permissions_pkey PRIMARY KEY (id);


--
-- Name: auth_user_user_permissions auth_user_user_permissions_user_id_permission_id_14a6b632_uniq; Type: CONSTRAINT; Schema: public; Owner: postgres
--

ALTER TABLE ONLY public.auth_user_user_permissions
    ADD CONSTRAINT auth_user_user_permissions_user_id_permission_id_14a6b632_uniq UNIQUE (user_id, permission_id);


--
-- Name: auth_user auth_user_username_key; Type: CONSTRAINT; Schema: public; Owner: postgres
--

ALTER TABLE ONLY public.auth_user
    ADD CONSTRAINT auth_user_username_key UNIQUE (username);


--
-- Name: django_admin_log django_admin_log_pkey; Type: CONSTRAINT; Schema: public; Owner: postgres
--

ALTER TABLE ONLY public.django_admin_log
    ADD CONSTRAINT django_admin_log_pkey PRIMARY KEY (id);


--
-- Name: django_content_type django_content_type_app_label_model_76bd3d3b_uniq; Type: CONSTRAINT; Schema: public; Owner: postgres
--

ALTER TABLE ONLY public.django_content_type
    ADD CONSTRAINT django_content_type_app_label_model_76bd3d3b_uniq UNIQUE (app_label, model);


--
-- Name: django_content_type django_content_type_pkey; Type: CONSTRAINT; Schema: public; Owner: postgres
--

ALTER TABLE ONLY public.django_content_type
    ADD CONSTRAINT django_content_type_pkey PRIMARY KEY (id);


--
-- Name: django_migrations django_migrations_pkey; Type: CONSTRAINT; Schema: public; Owner: postgres
--

ALTER TABLE ONLY public.django_migrations
    ADD CONSTRAINT django_migrations_pkey PRIMARY KEY (id);


--
-- Name: django_session django_session_pkey; Type: CONSTRAINT; Schema: public; Owner: postgres
--

ALTER TABLE ONLY public.django_session
    ADD CONSTRAINT django_session_pkey PRIMARY KEY (session_key);


--
-- Name: web_activatetoken web_activatetoken_activation_token_key; Type: CONSTRAINT; Schema: public; Owner: postgres
--

ALTER TABLE ONLY public.web_activatetoken
    ADD CONSTRAINT web_activatetoken_activation_token_key UNIQUE (activation_token);


--
-- Name: web_activatetoken web_activatetoken_pkey; Type: CONSTRAINT; Schema: public; Owner: postgres
--

ALTER TABLE ONLY public.web_activatetoken
    ADD CONSTRAINT web_activatetoken_pkey PRIMARY KEY (id);


--
-- Name: web_activatetoken web_activatetoken_user_id_key; Type: CONSTRAINT; Schema: public; Owner: postgres
--

ALTER TABLE ONLY public.web_activatetoken
    ADD CONSTRAINT web_activatetoken_user_id_key UNIQUE (user_id);


--
-- Name: web_advantage web_advantage_pkey; Type: CONSTRAINT; Schema: public; Owner: postgres
--

ALTER TABLE ONLY public.web_advantage
    ADD CONSTRAINT web_advantage_pkey PRIMARY KEY (id);


--
-- Name: web_category web_category_pkey; Type: CONSTRAINT; Schema: public; Owner: postgres
--

ALTER TABLE ONLY public.web_category
    ADD CONSTRAINT web_category_pkey PRIMARY KEY (id);


--
-- Name: web_city web_city_pkey; Type: CONSTRAINT; Schema: public; Owner: postgres
--

ALTER TABLE ONLY public.web_city
    ADD CONSTRAINT web_city_pkey PRIMARY KEY (id);


--
-- Name: web_companydata web_companydata_pkey; Type: CONSTRAINT; Schema: public; Owner: postgres
--

ALTER TABLE ONLY public.web_companydata
    ADD CONSTRAINT web_companydata_pkey PRIMARY KEY (id);


--
-- Name: web_districtwarsaw web_districtwarsaw_pkey; Type: CONSTRAINT; Schema: public; Owner: postgres
--

ALTER TABLE ONLY public.web_districtwarsaw
    ADD CONSTRAINT web_districtwarsaw_pkey PRIMARY KEY (id);


--
-- Name: web_foodsupplier web_foodsupplier_pkey; Type: CONSTRAINT; Schema: public; Owner: postgres
--

ALTER TABLE ONLY public.web_foodsupplier
    ADD CONSTRAINT web_foodsupplier_pkey PRIMARY KEY (id);


--
-- Name: web_openinghours web_openinghours_pkey; Type: CONSTRAINT; Schema: public; Owner: postgres
--

ALTER TABLE ONLY public.web_openinghours
    ADD CONSTRAINT web_openinghours_pkey PRIMARY KEY (id);


--
-- Name: web_openinghours web_openinghours_restaurant_id_weekday_fr_eb8eaeef_uniq; Type: CONSTRAINT; Schema: public; Owner: postgres
--

ALTER TABLE ONLY public.web_openinghours
    ADD CONSTRAINT web_openinghours_restaurant_id_weekday_fr_eb8eaeef_uniq UNIQUE (restaurant_id, weekday, from_hour, to_hour);


--
-- Name: web_photo web_photo_pkey; Type: CONSTRAINT; Schema: public; Owner: postgres
--

ALTER TABLE ONLY public.web_photo
    ADD CONSTRAINT web_photo_pkey PRIMARY KEY (id);


--
-- Name: web_postcodewarsaw web_postcodewarsaw_pkey; Type: CONSTRAINT; Schema: public; Owner: postgres
--

ALTER TABLE ONLY public.web_postcodewarsaw
    ADD CONSTRAINT web_postcodewarsaw_pkey PRIMARY KEY (id);


--
-- Name: web_product web_product_pkey; Type: CONSTRAINT; Schema: public; Owner: postgres
--

ALTER TABLE ONLY public.web_product
    ADD CONSTRAINT web_product_pkey PRIMARY KEY (id);


--
-- Name: web_profile web_profile_pkey; Type: CONSTRAINT; Schema: public; Owner: postgres
--

ALTER TABLE ONLY public.web_profile
    ADD CONSTRAINT web_profile_pkey PRIMARY KEY (id);


--
-- Name: web_profile web_profile_user_id_key; Type: CONSTRAINT; Schema: public; Owner: postgres
--

ALTER TABLE ONLY public.web_profile
    ADD CONSTRAINT web_profile_user_id_key UNIQUE (user_id);


--
-- Name: web_restaurant_advantages web_restaurant_advantage_restaurant_id_advantage__2c297d1e_uniq; Type: CONSTRAINT; Schema: public; Owner: postgres
--

ALTER TABLE ONLY public.web_restaurant_advantages
    ADD CONSTRAINT web_restaurant_advantage_restaurant_id_advantage__2c297d1e_uniq UNIQUE (restaurant_id, advantage_id);


--
-- Name: web_restaurant_advantages web_restaurant_advantages_pkey; Type: CONSTRAINT; Schema: public; Owner: postgres
--

ALTER TABLE ONLY public.web_restaurant_advantages
    ADD CONSTRAINT web_restaurant_advantages_pkey PRIMARY KEY (id);


--
-- Name: web_restaurant_food_suppliers web_restaurant_food_supp_restaurant_id_foodsuppli_38eaeebf_uniq; Type: CONSTRAINT; Schema: public; Owner: postgres
--

ALTER TABLE ONLY public.web_restaurant_food_suppliers
    ADD CONSTRAINT web_restaurant_food_supp_restaurant_id_foodsuppli_38eaeebf_uniq UNIQUE (restaurant_id, foodsupplier_id);


--
-- Name: web_restaurant_food_suppliers web_restaurant_food_supplier_pkey; Type: CONSTRAINT; Schema: public; Owner: postgres
--

ALTER TABLE ONLY public.web_restaurant_food_suppliers
    ADD CONSTRAINT web_restaurant_food_supplier_pkey PRIMARY KEY (id);


--
-- Name: web_restaurant web_restaurant_pkey; Type: CONSTRAINT; Schema: public; Owner: postgres
--

ALTER TABLE ONLY public.web_restaurant
    ADD CONSTRAINT web_restaurant_pkey PRIMARY KEY (id);


--
-- Name: web_restaurant_rooms web_restaurant_rooms_pkey; Type: CONSTRAINT; Schema: public; Owner: postgres
--

ALTER TABLE ONLY public.web_restaurant_rooms
    ADD CONSTRAINT web_restaurant_rooms_pkey PRIMARY KEY (id);


--
-- Name: web_restaurant_rooms web_restaurant_rooms_restaurant_id_room_id_c98ef6d4_uniq; Type: CONSTRAINT; Schema: public; Owner: postgres
--

ALTER TABLE ONLY public.web_restaurant_rooms
    ADD CONSTRAINT web_restaurant_rooms_restaurant_id_room_id_c98ef6d4_uniq UNIQUE (restaurant_id, room_id);


--
-- Name: web_restaurant_tags web_restaurant_tags_pkey; Type: CONSTRAINT; Schema: public; Owner: postgres
--

ALTER TABLE ONLY public.web_restaurant_tags
    ADD CONSTRAINT web_restaurant_tags_pkey PRIMARY KEY (id);


--
-- Name: web_restaurant_tags web_restaurant_tags_restaurant_id_tag_id_6230019e_uniq; Type: CONSTRAINT; Schema: public; Owner: postgres
--

ALTER TABLE ONLY public.web_restaurant_tags
    ADD CONSTRAINT web_restaurant_tags_restaurant_id_tag_id_6230019e_uniq UNIQUE (restaurant_id, tag_id);


--
-- Name: web_restaurantmenu web_restaurantmenu_pkey; Type: CONSTRAINT; Schema: public; Owner: postgres
--

ALTER TABLE ONLY public.web_restaurantmenu
    ADD CONSTRAINT web_restaurantmenu_pkey PRIMARY KEY (id);


--
-- Name: web_room web_room_pkey; Type: CONSTRAINT; Schema: public; Owner: postgres
--

ALTER TABLE ONLY public.web_room
    ADD CONSTRAINT web_room_pkey PRIMARY KEY (id);


--
-- Name: web_streetwarsaw web_streetwarsaw_pkey; Type: CONSTRAINT; Schema: public; Owner: postgres
--

ALTER TABLE ONLY public.web_streetwarsaw
    ADD CONSTRAINT web_streetwarsaw_pkey PRIMARY KEY (id);


--
-- Name: web_subdistrictwarsaw web_subdistrictwarsaw_pkey; Type: CONSTRAINT; Schema: public; Owner: postgres
--

ALTER TABLE ONLY public.web_subdistrictwarsaw
    ADD CONSTRAINT web_subdistrictwarsaw_pkey PRIMARY KEY (id);


--
-- Name: web_tag web_tag_pkey; Type: CONSTRAINT; Schema: public; Owner: postgres
--

ALTER TABLE ONLY public.web_tag
    ADD CONSTRAINT web_tag_pkey PRIMARY KEY (id);


--
-- Name: web_thumbnail web_thumbnail_pkey; Type: CONSTRAINT; Schema: public; Owner: postgres
--

ALTER TABLE ONLY public.web_thumbnail
    ADD CONSTRAINT web_thumbnail_pkey PRIMARY KEY (id);


--
-- Name: web_useraddress web_useraddress_pkey; Type: CONSTRAINT; Schema: public; Owner: postgres
--

ALTER TABLE ONLY public.web_useraddress
    ADD CONSTRAINT web_useraddress_pkey PRIMARY KEY (id);


--
-- Name: web_userphonenumber web_userphonenumber_pkey; Type: CONSTRAINT; Schema: public; Owner: postgres
--

ALTER TABLE ONLY public.web_userphonenumber
    ADD CONSTRAINT web_userphonenumber_pkey PRIMARY KEY (id);


--
-- Name: auth_group_name_a6ea08ec_like; Type: INDEX; Schema: public; Owner: postgres
--

CREATE INDEX auth_group_name_a6ea08ec_like ON public.auth_group USING btree (name varchar_pattern_ops);


--
-- Name: auth_group_permissions_group_id_b120cbf9; Type: INDEX; Schema: public; Owner: postgres
--

CREATE INDEX auth_group_permissions_group_id_b120cbf9 ON public.auth_group_permissions USING btree (group_id);


--
-- Name: auth_group_permissions_permission_id_84c5c92e; Type: INDEX; Schema: public; Owner: postgres
--

CREATE INDEX auth_group_permissions_permission_id_84c5c92e ON public.auth_group_permissions USING btree (permission_id);


--
-- Name: auth_permission_content_type_id_2f476e4b; Type: INDEX; Schema: public; Owner: postgres
--

CREATE INDEX auth_permission_content_type_id_2f476e4b ON public.auth_permission USING btree (content_type_id);


--
-- Name: auth_user_groups_group_id_97559544; Type: INDEX; Schema: public; Owner: postgres
--

CREATE INDEX auth_user_groups_group_id_97559544 ON public.auth_user_groups USING btree (group_id);


--
-- Name: auth_user_groups_user_id_6a12ed8b; Type: INDEX; Schema: public; Owner: postgres
--

CREATE INDEX auth_user_groups_user_id_6a12ed8b ON public.auth_user_groups USING btree (user_id);


--
-- Name: auth_user_user_permissions_permission_id_1fbb5f2c; Type: INDEX; Schema: public; Owner: postgres
--

CREATE INDEX auth_user_user_permissions_permission_id_1fbb5f2c ON public.auth_user_user_permissions USING btree (permission_id);


--
-- Name: auth_user_user_permissions_user_id_a95ead1b; Type: INDEX; Schema: public; Owner: postgres
--

CREATE INDEX auth_user_user_permissions_user_id_a95ead1b ON public.auth_user_user_permissions USING btree (user_id);


--
-- Name: auth_user_username_6821ab7c_like; Type: INDEX; Schema: public; Owner: postgres
--

CREATE INDEX auth_user_username_6821ab7c_like ON public.auth_user USING btree (username varchar_pattern_ops);


--
-- Name: django_admin_log_content_type_id_c4bce8eb; Type: INDEX; Schema: public; Owner: postgres
--

CREATE INDEX django_admin_log_content_type_id_c4bce8eb ON public.django_admin_log USING btree (content_type_id);


--
-- Name: django_admin_log_user_id_c564eba6; Type: INDEX; Schema: public; Owner: postgres
--

CREATE INDEX django_admin_log_user_id_c564eba6 ON public.django_admin_log USING btree (user_id);


--
-- Name: django_session_expire_date_a5c62663; Type: INDEX; Schema: public; Owner: postgres
--

CREATE INDEX django_session_expire_date_a5c62663 ON public.django_session USING btree (expire_date);


--
-- Name: django_session_session_key_c0390e0f_like; Type: INDEX; Schema: public; Owner: postgres
--

CREATE INDEX django_session_session_key_c0390e0f_like ON public.django_session USING btree (session_key varchar_pattern_ops);


--
-- Name: web_activatetoken_activation_token_33a6c694_like; Type: INDEX; Schema: public; Owner: postgres
--

CREATE INDEX web_activatetoken_activation_token_33a6c694_like ON public.web_activatetoken USING btree (activation_token varchar_pattern_ops);


--
-- Name: web_activatetoken_created_time_eb427ec0; Type: INDEX; Schema: public; Owner: postgres
--

CREATE INDEX web_activatetoken_created_time_eb427ec0 ON public.web_activatetoken USING btree (created_time);


--
-- Name: web_advantage_restaurant_id_1227ba80; Type: INDEX; Schema: public; Owner: postgres
--

CREATE INDEX web_advantage_restaurant_id_1227ba80 ON public.web_advantage USING btree (restaurant_id);


--
-- Name: web_category_restaurant_id_87c9af8d; Type: INDEX; Schema: public; Owner: postgres
--

CREATE INDEX web_category_restaurant_id_87c9af8d ON public.web_category USING btree (restaurant_id);


--
-- Name: web_category_slug_8611e19b; Type: INDEX; Schema: public; Owner: postgres
--

CREATE INDEX web_category_slug_8611e19b ON public.web_category USING btree (slug);


--
-- Name: web_category_slug_8611e19b_like; Type: INDEX; Schema: public; Owner: postgres
--

CREATE INDEX web_category_slug_8611e19b_like ON public.web_category USING btree (slug varchar_pattern_ops);


--
-- Name: web_companydata_user_id_874dfed0; Type: INDEX; Schema: public; Owner: postgres
--

CREATE INDEX web_companydata_user_id_874dfed0 ON public.web_companydata USING btree (user_id);


--
-- Name: web_districtwarsaw_city_id_362eb318; Type: INDEX; Schema: public; Owner: postgres
--

CREATE INDEX web_districtwarsaw_city_id_362eb318 ON public.web_districtwarsaw USING btree (city_id);


--
-- Name: web_openinghours_restaurant_id_22dd8117; Type: INDEX; Schema: public; Owner: postgres
--

CREATE INDEX web_openinghours_restaurant_id_22dd8117 ON public.web_openinghours USING btree (restaurant_id);


--
-- Name: web_photo_product_id_id_28045524; Type: INDEX; Schema: public; Owner: postgres
--

CREATE INDEX web_photo_product_id_id_28045524 ON public.web_photo USING btree (product_id_id);


--
-- Name: web_photo_restaurant_id_id_4c1638bb; Type: INDEX; Schema: public; Owner: postgres
--

CREATE INDEX web_photo_restaurant_id_id_4c1638bb ON public.web_photo USING btree (restaurant_id_id);


--
-- Name: web_postcodewarsaw_location_2521702c_id; Type: INDEX; Schema: public; Owner: postgres
--

CREATE INDEX web_postcodewarsaw_location_2521702c_id ON public.web_postcodewarsaw USING gist (location);


--
-- Name: web_postcodewarsaw_name_3a3cdfb6; Type: INDEX; Schema: public; Owner: postgres
--

CREATE INDEX web_postcodewarsaw_name_3a3cdfb6 ON public.web_postcodewarsaw USING btree (name);


--
-- Name: web_postcodewarsaw_name_3a3cdfb6_like; Type: INDEX; Schema: public; Owner: postgres
--

CREATE INDEX web_postcodewarsaw_name_3a3cdfb6_like ON public.web_postcodewarsaw USING btree (name varchar_pattern_ops);


--
-- Name: web_postcodewarsaw_sub_district_id_6d4fe788; Type: INDEX; Schema: public; Owner: postgres
--

CREATE INDEX web_postcodewarsaw_sub_district_id_6d4fe788 ON public.web_postcodewarsaw USING btree (sub_district_id);


--
-- Name: web_product_category_id_45570ba5; Type: INDEX; Schema: public; Owner: postgres
--

CREATE INDEX web_product_category_id_45570ba5 ON public.web_product USING btree (category_id);


--
-- Name: web_product_slug_b73eda9b; Type: INDEX; Schema: public; Owner: postgres
--

CREATE INDEX web_product_slug_b73eda9b ON public.web_product USING btree (slug);


--
-- Name: web_product_slug_b73eda9b_like; Type: INDEX; Schema: public; Owner: postgres
--

CREATE INDEX web_product_slug_b73eda9b_like ON public.web_product USING btree (slug varchar_pattern_ops);


--
-- Name: web_profile_slug_39f69f5c; Type: INDEX; Schema: public; Owner: postgres
--

CREATE INDEX web_profile_slug_39f69f5c ON public.web_profile USING btree (slug);


--
-- Name: web_profile_slug_39f69f5c_like; Type: INDEX; Schema: public; Owner: postgres
--

CREATE INDEX web_profile_slug_39f69f5c_like ON public.web_profile USING btree (slug varchar_pattern_ops);


--
-- Name: web_profile_status_644ab0dc; Type: INDEX; Schema: public; Owner: postgres
--

CREATE INDEX web_profile_status_644ab0dc ON public.web_profile USING btree (status);


--
-- Name: web_restaurant_advantages_advantage_id_2cf5206b; Type: INDEX; Schema: public; Owner: postgres
--

CREATE INDEX web_restaurant_advantages_advantage_id_2cf5206b ON public.web_restaurant_advantages USING btree (advantage_id);


--
-- Name: web_restaurant_advantages_restaurant_id_f8d8ee0a; Type: INDEX; Schema: public; Owner: postgres
--

CREATE INDEX web_restaurant_advantages_restaurant_id_f8d8ee0a ON public.web_restaurant_advantages USING btree (restaurant_id);


--
-- Name: web_restaurant_created_time_b55dd687; Type: INDEX; Schema: public; Owner: postgres
--

CREATE INDEX web_restaurant_created_time_b55dd687 ON public.web_restaurant USING btree (created_time);


--
-- Name: web_restaurant_food_supplier_foodsupplier_id_19ad012a; Type: INDEX; Schema: public; Owner: postgres
--

CREATE INDEX web_restaurant_food_supplier_foodsupplier_id_19ad012a ON public.web_restaurant_food_suppliers USING btree (foodsupplier_id);


--
-- Name: web_restaurant_food_supplier_restaurant_id_d138367c; Type: INDEX; Schema: public; Owner: postgres
--

CREATE INDEX web_restaurant_food_supplier_restaurant_id_d138367c ON public.web_restaurant_food_suppliers USING btree (restaurant_id);


--
-- Name: web_restaurant_location_52c90611_id; Type: INDEX; Schema: public; Owner: postgres
--

CREATE INDEX web_restaurant_location_52c90611_id ON public.web_restaurant USING gist (location);


--
-- Name: web_restaurant_modified_time_d348e73e; Type: INDEX; Schema: public; Owner: postgres
--

CREATE INDEX web_restaurant_modified_time_d348e73e ON public.web_restaurant USING btree (modified_time);


--
-- Name: web_restaurant_rooms_restaurant_id_1996798f; Type: INDEX; Schema: public; Owner: postgres
--

CREATE INDEX web_restaurant_rooms_restaurant_id_1996798f ON public.web_restaurant_rooms USING btree (restaurant_id);


--
-- Name: web_restaurant_rooms_room_id_11f9e194; Type: INDEX; Schema: public; Owner: postgres
--

CREATE INDEX web_restaurant_rooms_room_id_11f9e194 ON public.web_restaurant_rooms USING btree (room_id);


--
-- Name: web_restaurant_slug_34985021; Type: INDEX; Schema: public; Owner: postgres
--

CREATE INDEX web_restaurant_slug_34985021 ON public.web_restaurant USING btree (slug);


--
-- Name: web_restaurant_slug_34985021_like; Type: INDEX; Schema: public; Owner: postgres
--

CREATE INDEX web_restaurant_slug_34985021_like ON public.web_restaurant USING btree (slug varchar_pattern_ops);


--
-- Name: web_restaurant_tags_restaurant_id_a3ff759e; Type: INDEX; Schema: public; Owner: postgres
--

CREATE INDEX web_restaurant_tags_restaurant_id_a3ff759e ON public.web_restaurant_tags USING btree (restaurant_id);


--
-- Name: web_restaurant_tags_tag_id_ea770d3b; Type: INDEX; Schema: public; Owner: postgres
--

CREATE INDEX web_restaurant_tags_tag_id_ea770d3b ON public.web_restaurant_tags USING btree (tag_id);


--
-- Name: web_restaurant_user_id_65171be7; Type: INDEX; Schema: public; Owner: postgres
--

CREATE INDEX web_restaurant_user_id_65171be7 ON public.web_restaurant USING btree (user_id);


--
-- Name: web_restaurantmenu_product_id_6d91b7b4; Type: INDEX; Schema: public; Owner: postgres
--

CREATE INDEX web_restaurantmenu_product_id_6d91b7b4 ON public.web_restaurantmenu USING btree (product_id);


--
-- Name: web_restaurantmenu_restaurant_id_f8c47ca2; Type: INDEX; Schema: public; Owner: postgres
--

CREATE INDEX web_restaurantmenu_restaurant_id_f8c47ca2 ON public.web_restaurantmenu USING btree (restaurant_id);


--
-- Name: web_room_restaurant_id_11cd7554; Type: INDEX; Schema: public; Owner: postgres
--

CREATE INDEX web_room_restaurant_id_11cd7554 ON public.web_room USING btree (restaurant_id);


--
-- Name: web_streetwarsaw_district_id_44cbf623; Type: INDEX; Schema: public; Owner: postgres
--

CREATE INDEX web_streetwarsaw_district_id_44cbf623 ON public.web_streetwarsaw USING btree (district_id);


--
-- Name: web_streetwarsaw_name_97862fce; Type: INDEX; Schema: public; Owner: postgres
--

CREATE INDEX web_streetwarsaw_name_97862fce ON public.web_streetwarsaw USING btree (name);


--
-- Name: web_streetwarsaw_name_97862fce_like; Type: INDEX; Schema: public; Owner: postgres
--

CREATE INDEX web_streetwarsaw_name_97862fce_like ON public.web_streetwarsaw USING btree (name varchar_pattern_ops);


--
-- Name: web_subdistrictwarsaw_district_id_64596704; Type: INDEX; Schema: public; Owner: postgres
--

CREATE INDEX web_subdistrictwarsaw_district_id_64596704 ON public.web_subdistrictwarsaw USING btree (district_id);


--
-- Name: web_thumbnail_product_id_id_c603fef7; Type: INDEX; Schema: public; Owner: postgres
--

CREATE INDEX web_thumbnail_product_id_id_c603fef7 ON public.web_thumbnail USING btree (product_id_id);


--
-- Name: web_thumbnail_restaurant_id_id_9bdbc56b; Type: INDEX; Schema: public; Owner: postgres
--

CREATE INDEX web_thumbnail_restaurant_id_id_9bdbc56b ON public.web_thumbnail USING btree (restaurant_id_id);


--
-- Name: web_thumbnail_status_b9c8ec31; Type: INDEX; Schema: public; Owner: postgres
--

CREATE INDEX web_thumbnail_status_b9c8ec31 ON public.web_thumbnail USING btree (status);


--
-- Name: web_useraddress_location_082f351b_id; Type: INDEX; Schema: public; Owner: postgres
--

CREATE INDEX web_useraddress_location_082f351b_id ON public.web_useraddress USING gist (location);


--
-- Name: web_useraddress_nearest_point_id_1ba9e54f; Type: INDEX; Schema: public; Owner: postgres
--

CREATE INDEX web_useraddress_nearest_point_id_1ba9e54f ON public.web_useraddress USING btree (nearest_point_id);


--
-- Name: web_useraddress_user_id_ff5d39c4; Type: INDEX; Schema: public; Owner: postgres
--

CREATE INDEX web_useraddress_user_id_ff5d39c4 ON public.web_useraddress USING btree (user_id);


--
-- Name: web_userphonenumber_user_id_90cdf85a; Type: INDEX; Schema: public; Owner: postgres
--

CREATE INDEX web_userphonenumber_user_id_90cdf85a ON public.web_userphonenumber USING btree (user_id);


--
-- Name: auth_group_permissions auth_group_permissio_permission_id_84c5c92e_fk_auth_perm; Type: FK CONSTRAINT; Schema: public; Owner: postgres
--

ALTER TABLE ONLY public.auth_group_permissions
    ADD CONSTRAINT auth_group_permissio_permission_id_84c5c92e_fk_auth_perm FOREIGN KEY (permission_id) REFERENCES public.auth_permission(id) DEFERRABLE INITIALLY DEFERRED;


--
-- Name: auth_group_permissions auth_group_permissions_group_id_b120cbf9_fk_auth_group_id; Type: FK CONSTRAINT; Schema: public; Owner: postgres
--

ALTER TABLE ONLY public.auth_group_permissions
    ADD CONSTRAINT auth_group_permissions_group_id_b120cbf9_fk_auth_group_id FOREIGN KEY (group_id) REFERENCES public.auth_group(id) DEFERRABLE INITIALLY DEFERRED;


--
-- Name: auth_permission auth_permission_content_type_id_2f476e4b_fk_django_co; Type: FK CONSTRAINT; Schema: public; Owner: postgres
--

ALTER TABLE ONLY public.auth_permission
    ADD CONSTRAINT auth_permission_content_type_id_2f476e4b_fk_django_co FOREIGN KEY (content_type_id) REFERENCES public.django_content_type(id) DEFERRABLE INITIALLY DEFERRED;


--
-- Name: auth_user_groups auth_user_groups_group_id_97559544_fk_auth_group_id; Type: FK CONSTRAINT; Schema: public; Owner: postgres
--

ALTER TABLE ONLY public.auth_user_groups
    ADD CONSTRAINT auth_user_groups_group_id_97559544_fk_auth_group_id FOREIGN KEY (group_id) REFERENCES public.auth_group(id) DEFERRABLE INITIALLY DEFERRED;


--
-- Name: auth_user_groups auth_user_groups_user_id_6a12ed8b_fk_auth_user_id; Type: FK CONSTRAINT; Schema: public; Owner: postgres
--

ALTER TABLE ONLY public.auth_user_groups
    ADD CONSTRAINT auth_user_groups_user_id_6a12ed8b_fk_auth_user_id FOREIGN KEY (user_id) REFERENCES public.auth_user(id) DEFERRABLE INITIALLY DEFERRED;


--
-- Name: auth_user_user_permissions auth_user_user_permi_permission_id_1fbb5f2c_fk_auth_perm; Type: FK CONSTRAINT; Schema: public; Owner: postgres
--

ALTER TABLE ONLY public.auth_user_user_permissions
    ADD CONSTRAINT auth_user_user_permi_permission_id_1fbb5f2c_fk_auth_perm FOREIGN KEY (permission_id) REFERENCES public.auth_permission(id) DEFERRABLE INITIALLY DEFERRED;


--
-- Name: auth_user_user_permissions auth_user_user_permissions_user_id_a95ead1b_fk_auth_user_id; Type: FK CONSTRAINT; Schema: public; Owner: postgres
--

ALTER TABLE ONLY public.auth_user_user_permissions
    ADD CONSTRAINT auth_user_user_permissions_user_id_a95ead1b_fk_auth_user_id FOREIGN KEY (user_id) REFERENCES public.auth_user(id) DEFERRABLE INITIALLY DEFERRED;


--
-- Name: django_admin_log django_admin_log_content_type_id_c4bce8eb_fk_django_co; Type: FK CONSTRAINT; Schema: public; Owner: postgres
--

ALTER TABLE ONLY public.django_admin_log
    ADD CONSTRAINT django_admin_log_content_type_id_c4bce8eb_fk_django_co FOREIGN KEY (content_type_id) REFERENCES public.django_content_type(id) DEFERRABLE INITIALLY DEFERRED;


--
-- Name: django_admin_log django_admin_log_user_id_c564eba6_fk_auth_user_id; Type: FK CONSTRAINT; Schema: public; Owner: postgres
--

ALTER TABLE ONLY public.django_admin_log
    ADD CONSTRAINT django_admin_log_user_id_c564eba6_fk_auth_user_id FOREIGN KEY (user_id) REFERENCES public.auth_user(id) DEFERRABLE INITIALLY DEFERRED;


--
-- Name: web_activatetoken web_activatetoken_user_id_21bf1f12_fk_auth_user_id; Type: FK CONSTRAINT; Schema: public; Owner: postgres
--

ALTER TABLE ONLY public.web_activatetoken
    ADD CONSTRAINT web_activatetoken_user_id_21bf1f12_fk_auth_user_id FOREIGN KEY (user_id) REFERENCES public.auth_user(id) DEFERRABLE INITIALLY DEFERRED;


--
-- Name: web_advantage web_advantage_restaurant_id_1227ba80_fk_web_restaurant_id; Type: FK CONSTRAINT; Schema: public; Owner: postgres
--

ALTER TABLE ONLY public.web_advantage
    ADD CONSTRAINT web_advantage_restaurant_id_1227ba80_fk_web_restaurant_id FOREIGN KEY (restaurant_id) REFERENCES public.web_restaurant(id) DEFERRABLE INITIALLY DEFERRED;


--
-- Name: web_category web_category_restaurant_id_87c9af8d_fk_web_restaurant_id; Type: FK CONSTRAINT; Schema: public; Owner: postgres
--

ALTER TABLE ONLY public.web_category
    ADD CONSTRAINT web_category_restaurant_id_87c9af8d_fk_web_restaurant_id FOREIGN KEY (restaurant_id) REFERENCES public.web_restaurant(id) DEFERRABLE INITIALLY DEFERRED;


--
-- Name: web_companydata web_companydata_user_id_874dfed0_fk_auth_user_id; Type: FK CONSTRAINT; Schema: public; Owner: postgres
--

ALTER TABLE ONLY public.web_companydata
    ADD CONSTRAINT web_companydata_user_id_874dfed0_fk_auth_user_id FOREIGN KEY (user_id) REFERENCES public.auth_user(id) DEFERRABLE INITIALLY DEFERRED;


--
-- Name: web_districtwarsaw web_districtwarsaw_city_id_362eb318_fk_web_city_id; Type: FK CONSTRAINT; Schema: public; Owner: postgres
--

ALTER TABLE ONLY public.web_districtwarsaw
    ADD CONSTRAINT web_districtwarsaw_city_id_362eb318_fk_web_city_id FOREIGN KEY (city_id) REFERENCES public.web_city(id) DEFERRABLE INITIALLY DEFERRED;


--
-- Name: web_openinghours web_openinghours_restaurant_id_22dd8117_fk_web_restaurant_id; Type: FK CONSTRAINT; Schema: public; Owner: postgres
--

ALTER TABLE ONLY public.web_openinghours
    ADD CONSTRAINT web_openinghours_restaurant_id_22dd8117_fk_web_restaurant_id FOREIGN KEY (restaurant_id) REFERENCES public.web_restaurant(id) DEFERRABLE INITIALLY DEFERRED;


--
-- Name: web_photo web_photo_product_id_id_28045524_fk_web_product_id; Type: FK CONSTRAINT; Schema: public; Owner: postgres
--

ALTER TABLE ONLY public.web_photo
    ADD CONSTRAINT web_photo_product_id_id_28045524_fk_web_product_id FOREIGN KEY (product_id_id) REFERENCES public.web_product(id) DEFERRABLE INITIALLY DEFERRED;


--
-- Name: web_photo web_photo_restaurant_id_id_4c1638bb_fk_web_restaurant_id; Type: FK CONSTRAINT; Schema: public; Owner: postgres
--

ALTER TABLE ONLY public.web_photo
    ADD CONSTRAINT web_photo_restaurant_id_id_4c1638bb_fk_web_restaurant_id FOREIGN KEY (restaurant_id_id) REFERENCES public.web_restaurant(id) DEFERRABLE INITIALLY DEFERRED;


--
-- Name: web_postcodewarsaw web_postcodewarsaw_sub_district_id_6d4fe788_fk_web_subdi; Type: FK CONSTRAINT; Schema: public; Owner: postgres
--

ALTER TABLE ONLY public.web_postcodewarsaw
    ADD CONSTRAINT web_postcodewarsaw_sub_district_id_6d4fe788_fk_web_subdi FOREIGN KEY (sub_district_id) REFERENCES public.web_subdistrictwarsaw(id) DEFERRABLE INITIALLY DEFERRED;


--
-- Name: web_product web_product_category_id_45570ba5_fk_web_category_id; Type: FK CONSTRAINT; Schema: public; Owner: postgres
--

ALTER TABLE ONLY public.web_product
    ADD CONSTRAINT web_product_category_id_45570ba5_fk_web_category_id FOREIGN KEY (category_id) REFERENCES public.web_category(id) DEFERRABLE INITIALLY DEFERRED;


--
-- Name: web_profile web_profile_user_id_d9470446_fk_auth_user_id; Type: FK CONSTRAINT; Schema: public; Owner: postgres
--

ALTER TABLE ONLY public.web_profile
    ADD CONSTRAINT web_profile_user_id_d9470446_fk_auth_user_id FOREIGN KEY (user_id) REFERENCES public.auth_user(id) DEFERRABLE INITIALLY DEFERRED;


--
-- Name: web_restaurant_advantages web_restaurant_advan_advantage_id_2cf5206b_fk_web_advan; Type: FK CONSTRAINT; Schema: public; Owner: postgres
--

ALTER TABLE ONLY public.web_restaurant_advantages
    ADD CONSTRAINT web_restaurant_advan_advantage_id_2cf5206b_fk_web_advan FOREIGN KEY (advantage_id) REFERENCES public.web_advantage(id) DEFERRABLE INITIALLY DEFERRED;


--
-- Name: web_restaurant_advantages web_restaurant_advan_restaurant_id_f8d8ee0a_fk_web_resta; Type: FK CONSTRAINT; Schema: public; Owner: postgres
--

ALTER TABLE ONLY public.web_restaurant_advantages
    ADD CONSTRAINT web_restaurant_advan_restaurant_id_f8d8ee0a_fk_web_resta FOREIGN KEY (restaurant_id) REFERENCES public.web_restaurant(id) DEFERRABLE INITIALLY DEFERRED;


--
-- Name: web_restaurant_food_suppliers web_restaurant_food__foodsupplier_id_19ad012a_fk_web_foods; Type: FK CONSTRAINT; Schema: public; Owner: postgres
--

ALTER TABLE ONLY public.web_restaurant_food_suppliers
    ADD CONSTRAINT web_restaurant_food__foodsupplier_id_19ad012a_fk_web_foods FOREIGN KEY (foodsupplier_id) REFERENCES public.web_foodsupplier(id) DEFERRABLE INITIALLY DEFERRED;


--
-- Name: web_restaurant_food_suppliers web_restaurant_food__restaurant_id_d138367c_fk_web_resta; Type: FK CONSTRAINT; Schema: public; Owner: postgres
--

ALTER TABLE ONLY public.web_restaurant_food_suppliers
    ADD CONSTRAINT web_restaurant_food__restaurant_id_d138367c_fk_web_resta FOREIGN KEY (restaurant_id) REFERENCES public.web_restaurant(id) DEFERRABLE INITIALLY DEFERRED;


--
-- Name: web_restaurant_rooms web_restaurant_rooms_restaurant_id_1996798f_fk_web_resta; Type: FK CONSTRAINT; Schema: public; Owner: postgres
--

ALTER TABLE ONLY public.web_restaurant_rooms
    ADD CONSTRAINT web_restaurant_rooms_restaurant_id_1996798f_fk_web_resta FOREIGN KEY (restaurant_id) REFERENCES public.web_restaurant(id) DEFERRABLE INITIALLY DEFERRED;


--
-- Name: web_restaurant_rooms web_restaurant_rooms_room_id_11f9e194_fk_web_room_id; Type: FK CONSTRAINT; Schema: public; Owner: postgres
--

ALTER TABLE ONLY public.web_restaurant_rooms
    ADD CONSTRAINT web_restaurant_rooms_room_id_11f9e194_fk_web_room_id FOREIGN KEY (room_id) REFERENCES public.web_room(id) DEFERRABLE INITIALLY DEFERRED;


--
-- Name: web_restaurant_tags web_restaurant_tags_restaurant_id_a3ff759e_fk_web_restaurant_id; Type: FK CONSTRAINT; Schema: public; Owner: postgres
--

ALTER TABLE ONLY public.web_restaurant_tags
    ADD CONSTRAINT web_restaurant_tags_restaurant_id_a3ff759e_fk_web_restaurant_id FOREIGN KEY (restaurant_id) REFERENCES public.web_restaurant(id) DEFERRABLE INITIALLY DEFERRED;


--
-- Name: web_restaurant_tags web_restaurant_tags_tag_id_ea770d3b_fk_web_tag_id; Type: FK CONSTRAINT; Schema: public; Owner: postgres
--

ALTER TABLE ONLY public.web_restaurant_tags
    ADD CONSTRAINT web_restaurant_tags_tag_id_ea770d3b_fk_web_tag_id FOREIGN KEY (tag_id) REFERENCES public.web_tag(id) DEFERRABLE INITIALLY DEFERRED;


--
-- Name: web_restaurant web_restaurant_user_id_65171be7_fk_auth_user_id; Type: FK CONSTRAINT; Schema: public; Owner: postgres
--

ALTER TABLE ONLY public.web_restaurant
    ADD CONSTRAINT web_restaurant_user_id_65171be7_fk_auth_user_id FOREIGN KEY (user_id) REFERENCES public.auth_user(id) DEFERRABLE INITIALLY DEFERRED;


--
-- Name: web_restaurantmenu web_restaurantmenu_product_id_6d91b7b4_fk_web_product_id; Type: FK CONSTRAINT; Schema: public; Owner: postgres
--

ALTER TABLE ONLY public.web_restaurantmenu
    ADD CONSTRAINT web_restaurantmenu_product_id_6d91b7b4_fk_web_product_id FOREIGN KEY (product_id) REFERENCES public.web_product(id) DEFERRABLE INITIALLY DEFERRED;


--
-- Name: web_restaurantmenu web_restaurantmenu_restaurant_id_f8c47ca2_fk_web_restaurant_id; Type: FK CONSTRAINT; Schema: public; Owner: postgres
--

ALTER TABLE ONLY public.web_restaurantmenu
    ADD CONSTRAINT web_restaurantmenu_restaurant_id_f8c47ca2_fk_web_restaurant_id FOREIGN KEY (restaurant_id) REFERENCES public.web_restaurant(id) DEFERRABLE INITIALLY DEFERRED;


--
-- Name: web_room web_room_restaurant_id_11cd7554_fk_web_restaurant_id; Type: FK CONSTRAINT; Schema: public; Owner: postgres
--

ALTER TABLE ONLY public.web_room
    ADD CONSTRAINT web_room_restaurant_id_11cd7554_fk_web_restaurant_id FOREIGN KEY (restaurant_id) REFERENCES public.web_restaurant(id) DEFERRABLE INITIALLY DEFERRED;


--
-- Name: web_streetwarsaw web_streetwarsaw_district_id_44cbf623_fk_web_districtwarsaw_id; Type: FK CONSTRAINT; Schema: public; Owner: postgres
--

ALTER TABLE ONLY public.web_streetwarsaw
    ADD CONSTRAINT web_streetwarsaw_district_id_44cbf623_fk_web_districtwarsaw_id FOREIGN KEY (district_id) REFERENCES public.web_districtwarsaw(id) DEFERRABLE INITIALLY DEFERRED;


--
-- Name: web_subdistrictwarsaw web_subdistrictwarsa_district_id_64596704_fk_web_distr; Type: FK CONSTRAINT; Schema: public; Owner: postgres
--

ALTER TABLE ONLY public.web_subdistrictwarsaw
    ADD CONSTRAINT web_subdistrictwarsa_district_id_64596704_fk_web_distr FOREIGN KEY (district_id) REFERENCES public.web_districtwarsaw(id) DEFERRABLE INITIALLY DEFERRED;


--
-- Name: web_thumbnail web_thumbnail_product_id_id_c603fef7_fk_web_product_id; Type: FK CONSTRAINT; Schema: public; Owner: postgres
--

ALTER TABLE ONLY public.web_thumbnail
    ADD CONSTRAINT web_thumbnail_product_id_id_c603fef7_fk_web_product_id FOREIGN KEY (product_id_id) REFERENCES public.web_product(id) DEFERRABLE INITIALLY DEFERRED;


--
-- Name: web_thumbnail web_thumbnail_restaurant_id_id_9bdbc56b_fk_web_restaurant_id; Type: FK CONSTRAINT; Schema: public; Owner: postgres
--

ALTER TABLE ONLY public.web_thumbnail
    ADD CONSTRAINT web_thumbnail_restaurant_id_id_9bdbc56b_fk_web_restaurant_id FOREIGN KEY (restaurant_id_id) REFERENCES public.web_restaurant(id) DEFERRABLE INITIALLY DEFERRED;


--
-- Name: web_useraddress web_useraddress_nearest_point_id_1ba9e54f_fk_web_postc; Type: FK CONSTRAINT; Schema: public; Owner: postgres
--

ALTER TABLE ONLY public.web_useraddress
    ADD CONSTRAINT web_useraddress_nearest_point_id_1ba9e54f_fk_web_postc FOREIGN KEY (nearest_point_id) REFERENCES public.web_postcodewarsaw(id) DEFERRABLE INITIALLY DEFERRED;


--
-- Name: web_useraddress web_useraddress_user_id_ff5d39c4_fk_auth_user_id; Type: FK CONSTRAINT; Schema: public; Owner: postgres
--

ALTER TABLE ONLY public.web_useraddress
    ADD CONSTRAINT web_useraddress_user_id_ff5d39c4_fk_auth_user_id FOREIGN KEY (user_id) REFERENCES public.auth_user(id) DEFERRABLE INITIALLY DEFERRED;


--
-- Name: web_userphonenumber web_userphonenumber_user_id_90cdf85a_fk_auth_user_id; Type: FK CONSTRAINT; Schema: public; Owner: postgres
--

ALTER TABLE ONLY public.web_userphonenumber
    ADD CONSTRAINT web_userphonenumber_user_id_90cdf85a_fk_auth_user_id FOREIGN KEY (user_id) REFERENCES public.auth_user(id) DEFERRABLE INITIALLY DEFERRED;


--
-- PostgreSQL database dump complete
--

